file,line,type,commit,author,date,time,timezone,datetime,depth,length
style.css,1,css,acf132ec,Kangxin Peng,2026-04-03,10:44:15,-07:00,2026-04-03T10:44:15-07:00,0,4
style.css,2,css,acf132ec,Kangxin Peng,2026-04-03,10:44:15,-07:00,2026-04-03T10:44:15-07:00,1,43
style.css,3,css,acf132ec,Kangxin Peng,2026-04-03,10:44:15,-07:00,2026-04-03T10:44:15-07:00,0,42
style.css,4,css,acf132ec,Kangxin Peng,2026-04-03,10:44:15,-07:00,2026-04-03T10:44:15-07:00,0,0
style.css,5,css,acf132ec,Kangxin Peng,2026-04-03,10:44:15,-07:00,2026-04-03T10:44:15-07:00,1,23
style.css,6,css,e1b7e4be,Kangxin Peng,2026-04-10,10:24:37,-07:00,2026-04-10T10:24:37-07:00,0,0
style.css,7,css,e1b7e4be,Kangxin Peng,2026-04-10,10:24:37,-07:00,2026-04-10T10:24:37-07:00,1,15
style.css,8,css,e1b7e4be,Kangxin Peng,2026-04-10,10:24:37,-07:00,2026-04-10T10:24:37-07:00,1,18
style.css,9,css,e1b7e4be,Kangxin Peng,2026-04-10,10:24:37,-07:00,2026-04-10T10:24:37-07:00,1,11
style.css,10,css,dd442db1,Kangxin Peng,2026-04-10,10:55:48,-07:00,2026-04-10T10:55:48-07:00,0,0
style.css,11,css,dd442db1,Kangxin Peng,2026-04-10,10:55:48,-07:00,2026-04-10T10:55:48-07:00,0,0
style.css,12,css,dd442db1,Kangxin Peng,2026-04-10,10:55:48,-07:00,2026-04-10T10:55:48-07:00,0,3
style.css,13,css,a31cffa3,Kangxin Peng,2026-04-16,20:31:55,-07:00,2026-04-16T20:31:55-07:00,1,39
style.css,14,css,dd442db1,Kangxin Peng,2026-04-10,10:55:48,-07:00,2026-04-10T10:55:48-07:00,1,12
style.css,15,css,dd442db1,Kangxin Peng,2026-04-10,10:55:48,-07:00,2026-04-10T10:55:48-07:00,1,17
style.css,16,css,a31cffa3,Kangxin Peng,2026-04-16,20:31:55,-07:00,2026-04-16T20:31:55-07:00,1,43
style.css,17,css,dd442db1,Kangxin Peng,2026-04-10,10:55:48,-07:00,2026-04-10T10:55:48-07:00,0,0
style.css,18,css,dd442db1,Kangxin Peng,2026-04-10,10:55:48,-07:00,2026-04-10T10:55:48-07:00,0,0
style.css,19,css,dd442db1,Kangxin Peng,2026-04-10,10:55:48,-07:00,2026-04-10T10:55:48-07:00,0,5
style.css,20,css,dd442db1,Kangxin Peng,2026-04-10,10:55:48,-07:00,2026-04-10T10:55:48-07:00,1,6
style.css,21,css,dd442db1,Kangxin Peng,2026-04-10,10:55:48,-07:00,2026-04-10T10:55:48-07:00,1,20
style.css,22,css,dd442db1,Kangxin Peng,2026-04-10,10:55:48,-07:00,2026-04-10T10:55:48-07:00,1,13
style.css,23,css,dd442db1,Kangxin Peng,2026-04-10,10:55:48,-07:00,2026-04-10T10:55:48-07:00,1,17
style.css,24,css,dd442db1,Kangxin Peng,2026-04-10,10:55:48,-07:00,2026-04-10T10:55:48-07:00,1,13
style.css,25,css,dd442db1,Kangxin Peng,2026-04-10,10:55:48,-07:00,2026-04-10T10:55:48-07:00,0,0
style.css,26,css,dd442db1,Kangxin Peng,2026-04-10,10:55:48,-07:00,2026-04-10T10:55:48-07:00,0,0
style.css,27,css,dd442db1,Kangxin Peng,2026-04-10,10:55:48,-07:00,2026-04-10T10:55:48-07:00,0,4
style.css,28,css,dd442db1,Kangxin Peng,2026-04-10,10:55:48,-07:00,2026-04-10T10:55:48-07:00,1,31
style.css,29,css,dd442db1,Kangxin Peng,2026-04-10,10:55:48,-07:00,2026-04-10T10:55:48-07:00,1,32
style.css,30,css,a31cffa3,Kangxin Peng,2026-04-16,20:31:55,-07:00,2026-04-16T20:31:55-07:00,1,23
style.css,31,css,dd442db1,Kangxin Peng,2026-04-10,10:55:48,-07:00,2026-04-10T10:55:48-07:00,0,0
style.css,32,css,dd442db1,Kangxin Peng,2026-04-10,10:55:48,-07:00,2026-04-10T10:55:48-07:00,0,0
style.css,33,css,dd442db1,Kangxin Peng,2026-04-10,10:55:48,-07:00,2026-04-10T10:55:48-07:00,0,13
style.css,34,css,dd442db1,Kangxin Peng,2026-04-10,10:55:48,-07:00,2026-04-10T10:55:48-07:00,1,43
style.css,35,css,dd442db1,Kangxin Peng,2026-04-10,10:55:48,-07:00,2026-04-10T10:55:48-07:00,1,20
style.css,36,css,dd442db1,Kangxin Peng,2026-04-10,10:55:48,-07:00,2026-04-10T10:55:48-07:00,0,0
style.css,37,css,dd442db1,Kangxin Peng,2026-04-10,10:55:48,-07:00,2026-04-10T10:55:48-07:00,0,0
style.css,38,css,dd442db1,Kangxin Peng,2026-04-10,10:55:48,-07:00,2026-04-10T10:55:48-07:00,0,11
style.css,39,css,dd442db1,Kangxin Peng,2026-04-10,10:55:48,-07:00,2026-04-10T10:55:48-07:00,1,45
style.css,40,css,a31cffa3,Kangxin Peng,2026-04-16,20:31:55,-07:00,2026-04-16T20:31:55-07:00,1,69
style.css,41,css,b9a921ee,Kangxin Peng,2026-04-10,12:17:43,-07:00,2026-04-10T12:17:43-07:00,0,0
style.css,42,css,b9a921ee,Kangxin Peng,2026-04-10,12:17:43,-07:00,2026-04-10T12:17:43-07:00,0,0
style.css,43,css,b9a921ee,Kangxin Peng,2026-04-10,12:17:43,-07:00,2026-04-10T12:17:43-07:00,0,4
style.css,44,css,b9a921ee,Kangxin Peng,2026-04-10,12:17:43,-07:00,2026-04-10T12:17:43-07:00,0,7
style.css,45,css,b9a921ee,Kangxin Peng,2026-04-10,12:17:43,-07:00,2026-04-10T12:17:43-07:00,0,6
style.css,46,css,b9a921ee,Kangxin Peng,2026-04-10,12:17:43,-07:00,2026-04-10T12:17:43-07:00,1,12
style.css,47,css,db5d1cf0,Kangxin Peng,2026-04-10,12:25:22,-07:00,2026-04-10T12:25:22-07:00,1,10
style.css,48,css,db5d1cf0,Kangxin Peng,2026-04-10,12:25:22,-07:00,2026-04-10T12:25:22-07:00,1,21
style.css,49,css,db5d1cf0,Kangxin Peng,2026-04-10,12:25:22,-07:00,2026-04-10T12:25:22-07:00,0,0
style.css,50,css,db5d1cf0,Kangxin Peng,2026-04-10,12:25:22,-07:00,2026-04-10T12:25:22-07:00,0,0
style.css,51,css,db5d1cf0,Kangxin Peng,2026-04-10,12:25:22,-07:00,2026-04-10T12:25:22-07:00,0,4
style.css,52,css,db5d1cf0,Kangxin Peng,2026-04-10,12:25:22,-07:00,2026-04-10T12:25:22-07:00,1,12
style.css,53,css,db5d1cf0,Kangxin Peng,2026-04-10,12:25:22,-07:00,2026-04-10T12:25:22-07:00,1,30
style.css,54,css,db5d1cf0,Kangxin Peng,2026-04-10,12:25:22,-07:00,2026-04-10T12:25:22-07:00,1,7
style.css,55,css,b9a921ee,Kangxin Peng,2026-04-10,12:17:43,-07:00,2026-04-10T12:17:43-07:00,0,0
style.css,56,css,b9a921ee,Kangxin Peng,2026-04-10,12:17:43,-07:00,2026-04-10T12:17:43-07:00,0,0
style.css,57,css,b9a921ee,Kangxin Peng,2026-04-10,12:17:43,-07:00,2026-04-10T12:17:43-07:00,0,5
style.css,58,css,dec59655,Kangxin Peng,2026-04-10,12:41:29,-07:00,2026-04-10T12:41:29-07:00,1,12
style.css,59,css,dec59655,Kangxin Peng,2026-04-10,12:41:29,-07:00,2026-04-10T12:41:29-07:00,1,29
style.css,60,css,dec59655,Kangxin Peng,2026-04-10,12:41:29,-07:00,2026-04-10T12:41:29-07:00,1,18
style.css,61,css,b9a921ee,Kangxin Peng,2026-04-10,12:17:43,-07:00,2026-04-10T12:17:43-07:00,0,0
style.css,62,css,b9a921ee,Kangxin Peng,2026-04-10,12:17:43,-07:00,2026-04-10T12:17:43-07:00,0,0
style.css,63,css,b9a921ee,Kangxin Peng,2026-04-10,12:17:43,-07:00,2026-04-10T12:17:43-07:00,0,6
style.css,64,css,db5d1cf0,Kangxin Peng,2026-04-10,12:25:22,-07:00,2026-04-10T12:25:22-07:00,1,18
style.css,65,css,213c4a76,Kangxin Peng,2026-04-10,13:01:45,-07:00,2026-04-10T13:01:45-07:00,0,0
style.css,66,css,213c4a76,Kangxin Peng,2026-04-10,13:01:45,-07:00,2026-04-10T13:01:45-07:00,0,0
style.css,67,css,213c4a76,Kangxin Peng,2026-04-10,13:01:45,-07:00,2026-04-10T13:01:45-07:00,0,8
style.css,68,css,213c4a76,Kangxin Peng,2026-04-10,13:01:45,-07:00,2026-04-10T13:01:45-07:00,1,14
style.css,69,css,213c4a76,Kangxin Peng,2026-04-10,13:01:45,-07:00,2026-04-10T13:01:45-07:00,0,0
style.css,70,css,213c4a76,Kangxin Peng,2026-04-10,13:01:45,-07:00,2026-04-10T13:01:45-07:00,0,0
style.css,71,css,213c4a76,Kangxin Peng,2026-04-10,13:01:45,-07:00,2026-04-10T13:01:45-07:00,0,9
style.css,72,css,213c4a76,Kangxin Peng,2026-04-10,13:01:45,-07:00,2026-04-10T13:01:45-07:00,1,12
style.css,73,css,213c4a76,Kangxin Peng,2026-04-10,13:01:45,-07:00,2026-04-10T13:01:45-07:00,1,58
style.css,74,css,213c4a76,Kangxin Peng,2026-04-10,13:01:45,-07:00,2026-04-10T13:01:45-07:00,1,7
style.css,75,css,213c4a76,Kangxin Peng,2026-04-10,13:01:45,-07:00,2026-04-10T13:01:45-07:00,0,0
style.css,76,css,213c4a76,Kangxin Peng,2026-04-10,13:01:45,-07:00,2026-04-10T13:01:45-07:00,0,0
style.css,77,css,213c4a76,Kangxin Peng,2026-04-10,13:01:45,-07:00,2026-04-10T13:01:45-07:00,0,17
style.css,78,css,213c4a76,Kangxin Peng,2026-04-10,13:01:45,-07:00,2026-04-10T13:01:45-07:00,1,12
style.css,79,css,213c4a76,Kangxin Peng,2026-04-10,13:01:45,-07:00,2026-04-10T13:01:45-07:00,1,26
style.css,80,css,213c4a76,Kangxin Peng,2026-04-10,13:01:45,-07:00,2026-04-10T13:01:45-07:00,1,15
style.css,81,css,213c4a76,Kangxin Peng,2026-04-10,13:01:45,-07:00,2026-04-10T13:01:45-07:00,1,7
style.css,82,css,213c4a76,Kangxin Peng,2026-04-10,13:01:45,-07:00,2026-04-10T13:01:45-07:00,0,0
style.css,83,css,213c4a76,Kangxin Peng,2026-04-10,13:01:45,-07:00,2026-04-10T13:01:45-07:00,0,0
style.css,84,css,213c4a76,Kangxin Peng,2026-04-10,13:01:45,-07:00,2026-04-10T13:01:45-07:00,0,12
style.css,85,css,213c4a76,Kangxin Peng,2026-04-10,13:01:45,-07:00,2026-04-10T13:01:45-07:00,1,8
style.css,86,css,213c4a76,Kangxin Peng,2026-04-10,13:01:45,-07:00,2026-04-10T13:01:45-07:00,0,0
style.css,87,css,213c4a76,Kangxin Peng,2026-04-10,13:01:45,-07:00,2026-04-10T13:01:45-07:00,0,0
style.css,88,css,213c4a76,Kangxin Peng,2026-04-10,13:01:45,-07:00,2026-04-10T13:01:45-07:00,0,2
style.css,89,css,213c4a76,Kangxin Peng,2026-04-10,13:01:45,-07:00,2026-04-10T13:01:45-07:00,1,14
style.css,90,css,213c4a76,Kangxin Peng,2026-04-10,13:01:45,-07:00,2026-04-10T13:01:45-07:00,0,0
style.css,91,css,213c4a76,Kangxin Peng,2026-04-10,13:01:45,-07:00,2026-04-10T13:01:45-07:00,0,0
style.css,92,css,213c4a76,Kangxin Peng,2026-04-10,13:01:45,-07:00,2026-04-10T13:01:45-07:00,0,22
style.css,93,css,213c4a76,Kangxin Peng,2026-04-10,13:01:45,-07:00,2026-04-10T13:01:45-07:00,1,15
style.css,94,css,213c4a76,Kangxin Peng,2026-04-10,13:01:45,-07:00,2026-04-10T13:01:45-07:00,1,17
style.css,95,css,04a1afe0,Kangxin Peng,2026-04-10,13:30:09,-07:00,2026-04-10T13:30:09-07:00,0,0
style.css,96,css,04a1afe0,Kangxin Peng,2026-04-10,13:30:09,-07:00,2026-04-10T13:30:09-07:00,0,0
style.css,97,css,04a1afe0,Kangxin Peng,2026-04-10,13:30:09,-07:00,2026-04-10T13:30:09-07:00,0,7
style.css,98,css,04a1afe0,Kangxin Peng,2026-04-10,13:30:09,-07:00,2026-04-10T13:30:09-07:00,1,16
style.css,99,css,04a1afe0,Kangxin Peng,2026-04-10,13:30:09,-07:00,2026-04-10T13:30:09-07:00,0,0
style.css,100,css,04a1afe0,Kangxin Peng,2026-04-10,13:30:09,-07:00,2026-04-10T13:30:09-07:00,0,0
style.css,101,css,04a1afe0,Kangxin Peng,2026-04-10,13:30:09,-07:00,2026-04-10T13:30:09-07:00,0,10
style.css,102,css,04a1afe0,Kangxin Peng,2026-04-10,13:30:09,-07:00,2026-04-10T13:30:09-07:00,1,41
style.css,103,css,04a1afe0,Kangxin Peng,2026-04-10,13:30:09,-07:00,2026-04-10T13:30:09-07:00,1,20
style.css,104,css,04a1afe0,Kangxin Peng,2026-04-10,13:30:09,-07:00,2026-04-10T13:30:09-07:00,0,0
style.css,105,css,04a1afe0,Kangxin Peng,2026-04-10,13:30:09,-07:00,2026-04-10T13:30:09-07:00,0,0
style.css,106,css,04a1afe0,Kangxin Peng,2026-04-10,13:30:09,-07:00,2026-04-10T13:30:09-07:00,0,7
style.css,107,css,04a1afe0,Kangxin Peng,2026-04-10,13:30:09,-07:00,2026-04-10T13:30:09-07:00,1,16
style.css,108,css,04a1afe0,Kangxin Peng,2026-04-10,13:30:09,-07:00,2026-04-10T13:30:09-07:00,0,0
style.css,109,css,04a1afe0,Kangxin Peng,2026-04-10,13:30:09,-07:00,2026-04-10T13:30:09-07:00,0,0
style.css,110,css,04a1afe0,Kangxin Peng,2026-04-10,13:30:09,-07:00,2026-04-10T13:30:09-07:00,0,4
style.css,111,css,04a1afe0,Kangxin Peng,2026-04-10,13:30:09,-07:00,2026-04-10T13:30:09-07:00,1,10
style.css,112,css,04a1afe0,Kangxin Peng,2026-04-10,13:30:09,-07:00,2026-04-10T13:30:09-07:00,1,15
style.css,113,css,a31cffa3,Kangxin Peng,2026-04-16,20:31:55,-07:00,2026-04-16T20:31:55-07:00,0,0
style.css,114,css,a31cffa3,Kangxin Peng,2026-04-16,20:31:55,-07:00,2026-04-16T20:31:55-07:00,0,0
style.css,115,css,a31cffa3,Kangxin Peng,2026-04-16,20:31:55,-07:00,2026-04-16T20:31:55-07:00,0,13
style.css,116,css,a31cffa3,Kangxin Peng,2026-04-16,20:31:55,-07:00,2026-04-16T20:31:55-07:00,1,17
style.css,117,css,a31cffa3,Kangxin Peng,2026-04-16,20:31:55,-07:00,2026-04-16T20:31:55-07:00,1,8
style.css,118,css,a31cffa3,Kangxin Peng,2026-04-16,20:31:55,-07:00,2026-04-16T20:31:55-07:00,1,10
style.css,119,css,a31cffa3,Kangxin Peng,2026-04-16,20:31:55,-07:00,2026-04-16T20:31:55-07:00,1,13
style.css,120,css,a31cffa3,Kangxin Peng,2026-04-16,20:31:55,-07:00,2026-04-16T20:31:55-07:00,0,0
style.css,121,css,a31cffa3,Kangxin Peng,2026-04-16,20:31:55,-07:00,2026-04-16T20:31:55-07:00,0,0
style.css,122,css,a31cffa3,Kangxin Peng,2026-04-16,20:31:55,-07:00,2026-04-16T20:31:55-07:00,0,6
style.css,123,css,a31cffa3,Kangxin Peng,2026-04-16,20:31:55,-07:00,2026-04-16T20:31:55-07:00,1,12
style.css,124,css,f2973583,Kangxin Peng,2026-04-30,16:26:01,-07:00,2026-04-30T16:26:01-07:00,0,0
style.css,125,css,f2973583,Kangxin Peng,2026-04-30,16:26:01,-07:00,2026-04-30T16:26:01-07:00,0,0
style.css,126,css,f2973583,Kangxin Peng,2026-04-30,16:26:01,-07:00,2026-04-30T16:26:01-07:00,0,13
style.css,127,css,f2973583,Kangxin Peng,2026-04-30,16:26:01,-07:00,2026-04-30T16:26:01-07:00,1,10
style.css,128,css,f2973583,Kangxin Peng,2026-04-30,16:26:01,-07:00,2026-04-30T16:26:01-07:00,1,15
style.css,129,css,4a9e75e8,Kangxin Peng,2026-05-01,11:19:36,-07:00,2026-05-01T11:19:36-07:00,1,23
style.css,130,css,4a9e75e8,Kangxin Peng,2026-05-01,11:19:36,-07:00,2026-05-01T11:19:36-07:00,1,34
style.css,131,css,f2973583,Kangxin Peng,2026-04-30,16:26:01,-07:00,2026-04-30T16:26:01-07:00,0,0
style.css,132,css,f2973583,Kangxin Peng,2026-04-30,16:26:01,-07:00,2026-04-30T16:26:01-07:00,0,0
style.css,133,css,448ecc15,Kangxin Peng,2026-04-30,18:02:45,-07:00,2026-04-30T18:02:45-07:00,0,14
style.css,134,css,f2973583,Kangxin Peng,2026-04-30,16:26:01,-07:00,2026-04-30T16:26:01-07:00,1,14
style.css,135,css,f2973583,Kangxin Peng,2026-04-30,16:26:01,-07:00,2026-04-30T16:26:01-07:00,1,16
style.css,136,css,f2973583,Kangxin Peng,2026-04-30,16:26:01,-07:00,2026-04-30T16:26:01-07:00,1,16
style.css,137,css,8ce9ab7a,Kangxin Peng,2026-04-30,20:25:17,-07:00,2026-04-30T20:25:17-07:00,0,0
style.css,138,css,8ce9ab7a,Kangxin Peng,2026-04-30,20:25:17,-07:00,2026-04-30T20:25:17-07:00,0,0
style.css,139,css,8ce9ab7a,Kangxin Peng,2026-04-30,20:25:17,-07:00,2026-04-30T20:25:17-07:00,0,7
style.css,140,css,8ce9ab7a,Kangxin Peng,2026-04-30,20:25:17,-07:00,2026-04-30T20:25:17-07:00,1,12
style.css,141,css,8ce9ab7a,Kangxin Peng,2026-04-30,20:25:17,-07:00,2026-04-30T20:25:17-07:00,1,57
style.css,142,css,8ce9ab7a,Kangxin Peng,2026-04-30,20:25:17,-07:00,2026-04-30T20:25:17-07:00,1,7
style.css,143,css,8ce9ab7a,Kangxin Peng,2026-04-30,20:25:17,-07:00,2026-04-30T20:25:17-07:00,1,34
style.css,144,css,8ce9ab7a,Kangxin Peng,2026-04-30,20:25:17,-07:00,2026-04-30T20:25:17-07:00,1,11
style.css,145,css,8ce9ab7a,Kangxin Peng,2026-04-30,20:25:17,-07:00,2026-04-30T20:25:17-07:00,1,16
style.css,146,css,8ce9ab7a,Kangxin Peng,2026-04-30,20:25:17,-07:00,2026-04-30T20:25:17-07:00,1,15
style.css,147,css,8ce9ab7a,Kangxin Peng,2026-04-30,20:25:17,-07:00,2026-04-30T20:25:17-07:00,0,0
style.css,148,css,8ce9ab7a,Kangxin Peng,2026-04-30,20:25:17,-07:00,2026-04-30T20:25:17-07:00,0,0
style.css,149,css,8ce9ab7a,Kangxin Peng,2026-04-30,20:25:17,-07:00,2026-04-30T20:25:17-07:00,0,10
style.css,150,css,8ce9ab7a,Kangxin Peng,2026-04-30,20:25:17,-07:00,2026-04-30T20:25:17-07:00,1,12
style.css,151,css,8ce9ab7a,Kangxin Peng,2026-04-30,20:25:17,-07:00,2026-04-30T20:25:17-07:00,1,18
style.css,152,css,8ce9ab7a,Kangxin Peng,2026-04-30,20:25:17,-07:00,2026-04-30T20:25:17-07:00,1,9
style.css,153,css,8ce9ab7a,Kangxin Peng,2026-04-30,20:25:17,-07:00,2026-04-30T20:25:17-07:00,0,0
style.css,154,css,8ce9ab7a,Kangxin Peng,2026-04-30,20:25:17,-07:00,2026-04-30T20:25:17-07:00,0,0
style.css,155,css,8ce9ab7a,Kangxin Peng,2026-04-30,20:25:17,-07:00,2026-04-30T20:25:17-07:00,0,7
style.css,156,css,8ce9ab7a,Kangxin Peng,2026-04-30,20:25:17,-07:00,2026-04-30T20:25:17-07:00,1,20
style.css,157,css,8ce9ab7a,Kangxin Peng,2026-04-30,20:25:17,-07:00,2026-04-30T20:25:17-07:00,1,9
style.css,158,css,8ce9ab7a,Kangxin Peng,2026-04-30,20:25:17,-07:00,2026-04-30T20:25:17-07:00,1,18
style.css,159,css,8ce9ab7a,Kangxin Peng,2026-04-30,20:25:17,-07:00,2026-04-30T20:25:17-07:00,1,29
style.css,160,css,8ce9ab7a,Kangxin Peng,2026-04-30,20:25:17,-07:00,2026-04-30T20:25:17-07:00,1,19
style.css,161,css,a31815f7,Kangxin Peng,2026-04-30,21:04:59,-07:00,2026-04-30T21:04:59-07:00,0,0
style.css,162,css,a31815f7,Kangxin Peng,2026-04-30,21:04:59,-07:00,2026-04-30T21:04:59-07:00,0,0
style.css,163,css,a31815f7,Kangxin Peng,2026-04-30,21:04:59,-07:00,2026-04-30T21:04:59-07:00,0,10
style.css,164,css,a31815f7,Kangxin Peng,2026-04-30,21:04:59,-07:00,2026-04-30T21:04:59-07:00,1,12
style.css,165,css,a31815f7,Kangxin Peng,2026-04-30,21:04:59,-07:00,2026-04-30T21:04:59-07:00,1,18
style.css,166,css,a31815f7,Kangxin Peng,2026-04-30,21:04:59,-07:00,2026-04-30T21:04:59-07:00,1,7
style.css,167,css,a31815f7,Kangxin Peng,2026-04-30,21:04:59,-07:00,2026-04-30T21:04:59-07:00,0,0
style.css,168,css,a31815f7,Kangxin Peng,2026-04-30,21:04:59,-07:00,2026-04-30T21:04:59-07:00,0,0
style.css,169,css,a31815f7,Kangxin Peng,2026-04-30,21:04:59,-07:00,2026-04-30T21:04:59-07:00,0,7
style.css,170,css,a31815f7,Kangxin Peng,2026-04-30,21:04:59,-07:00,2026-04-30T21:04:59-07:00,1,6
style.css,171,css,a0385cf5,Kangxin Peng,2026-05-01,01:04:06,-07:00,2026-05-01T01:04:06-07:00,0,0
style.css,172,css,a0385cf5,Kangxin Peng,2026-05-01,01:04:06,-07:00,2026-05-01T01:04:06-07:00,0,0
style.css,173,css,a0385cf5,Kangxin Peng,2026-05-01,01:04:06,-07:00,2026-05-01T01:04:06-07:00,0,47
style.css,174,css,a0385cf5,Kangxin Peng,2026-05-01,01:04:06,-07:00,2026-05-01T01:04:06-07:00,1,11
style.css,175,css,a0385cf5,Kangxin Peng,2026-05-01,01:04:06,-07:00,2026-05-01T01:04:06-07:00,0,0
style.css,176,css,a0385cf5,Kangxin Peng,2026-05-01,01:04:06,-07:00,2026-05-01T01:04:06-07:00,0,0
style.css,177,css,a0385cf5,Kangxin Peng,2026-05-01,01:04:06,-07:00,2026-05-01T01:04:06-07:00,0,19
style.css,178,css,a0385cf5,Kangxin Peng,2026-05-01,01:04:06,-07:00,2026-05-01T01:04:06-07:00,1,16
style.css,179,css,a0385cf5,Kangxin Peng,2026-05-01,01:04:06,-07:00,2026-05-01T01:04:06-07:00,1,14
style.css,180,css,a0385cf5,Kangxin Peng,2026-05-01,01:04:06,-07:00,2026-05-01T01:04:06-07:00,0,0
style.css,181,css,a0385cf5,Kangxin Peng,2026-05-01,01:04:06,-07:00,2026-05-01T01:04:06-07:00,0,0
style.css,182,css,a0385cf5,Kangxin Peng,2026-05-01,01:04:06,-07:00,2026-05-01T01:04:06-07:00,0,9
style.css,183,css,a0385cf5,Kangxin Peng,2026-05-01,01:04:06,-07:00,2026-05-01T01:04:06-07:00,1,35
style.css,184,css,a0385cf5,Kangxin Peng,2026-05-01,01:04:06,-07:00,2026-05-01T01:04:06-07:00,0,0
style.css,185,css,a0385cf5,Kangxin Peng,2026-05-01,01:04:06,-07:00,2026-05-01T01:04:06-07:00,0,0
style.css,186,css,a0385cf5,Kangxin Peng,2026-05-01,01:04:06,-07:00,2026-05-01T01:04:06-07:00,0,18
style.css,187,css,a0385cf5,Kangxin Peng,2026-05-01,01:04:06,-07:00,2026-05-01T01:04:06-07:00,1,17
style.css,188,css,acf132ec,Kangxin Peng,2026-04-03,10:44:15,-07:00,2026-04-03T10:44:15-07:00,0,0
index.js,1,js,63e1fa6e,Kangxin Peng,2026-04-24,13:20:09,-07:00,2026-04-24T13:20:09-07:00,0,71
index.js,2,js,aeb7ada8,Kangxin Peng,2026-04-23,17:33:53,-07:00,2026-04-23T17:33:53-07:00,0,0
index.js,3,js,aeb7ada8,Kangxin Peng,2026-04-23,17:33:53,-07:00,2026-04-23T17:33:53-07:00,0,54
index.js,4,js,aeb7ada8,Kangxin Peng,2026-04-23,17:33:53,-07:00,2026-04-23T17:33:53-07:00,0,42
index.js,5,js,aeb7ada8,Kangxin Peng,2026-04-23,17:33:53,-07:00,2026-04-23T17:33:53-07:00,0,0
index.js,6,js,aeb7ada8,Kangxin Peng,2026-04-23,17:33:53,-07:00,2026-04-23T17:33:53-07:00,0,60
index.js,7,js,aeb7ada8,Kangxin Peng,2026-04-23,17:33:53,-07:00,2026-04-23T17:33:53-07:00,0,0
index.js,8,js,356ab145,Kangxin Peng,2026-04-24,13:26:52,-07:00,2026-04-24T13:26:52-07:00,0,54
index.js,9,js,356ab145,Kangxin Peng,2026-04-24,13:26:52,-07:00,2026-04-24T13:26:52-07:00,0,0
index.js,10,js,356ab145,Kangxin Peng,2026-04-24,13:26:52,-07:00,2026-04-24T13:26:52-07:00,0,50
index.js,11,js,356ab145,Kangxin Peng,2026-04-24,13:26:52,-07:00,2026-04-24T13:26:52-07:00,0,0
index.js,12,js,356ab145,Kangxin Peng,2026-04-24,13:26:52,-07:00,2026-04-24T13:26:52-07:00,0,60
index.js,13,js,356ab145,Kangxin Peng,2026-04-24,13:26:52,-07:00,2026-04-24T13:26:52-07:00,0,0
index.js,14,js,356ab145,Kangxin Peng,2026-04-24,13:26:52,-07:00,2026-04-24T13:26:52-07:00,0,17
index.js,15,js,356ab145,Kangxin Peng,2026-04-24,13:26:52,-07:00,2026-04-24T13:26:52-07:00,1,24
index.js,16,js,356ab145,Kangxin Peng,2026-04-24,13:26:52,-07:00,2026-04-24T13:26:52-07:00,2,2
index.js,17,js,356ab145,Kangxin Peng,2026-04-24,13:26:52,-07:00,2026-04-24T13:26:52-07:00,3,55
index.js,18,js,356ab145,Kangxin Peng,2026-04-24,13:26:52,-07:00,2026-04-24T13:26:52-07:00,3,55
index.js,19,js,356ab145,Kangxin Peng,2026-04-24,13:26:52,-07:00,2026-04-24T13:26:52-07:00,3,49
index.js,20,js,356ab145,Kangxin Peng,2026-04-24,13:26:52,-07:00,2026-04-24T13:26:52-07:00,3,49
index.js,21,js,356ab145,Kangxin Peng,2026-04-24,13:26:52,-07:00,2026-04-24T13:26:52-07:00,2,3
index.js,22,js,356ab145,Kangxin Peng,2026-04-24,13:26:52,-07:00,2026-04-24T13:26:52-07:00,1,0
index.js,23,js,356ab145,Kangxin Peng,2026-04-24,13:26:52,-07:00,2026-04-24T13:26:52-07:00,0,0
index.html,1,html,eb19b95b,Kangxin Peng,2026-04-03,09:31:01,-07:00,2026-04-03T09:31:01-07:00,0,13
index.html,2,html,eb19b95b,Kangxin Peng,2026-04-03,09:31:01,-07:00,2026-04-03T09:31:01-07:00,0,14
index.html,3,html,eb19b95b,Kangxin Peng,2026-04-03,09:31:01,-07:00,2026-04-03T09:31:01-07:00,0,4
index.html,4,html,eb19b95b,Kangxin Peng,2026-04-03,09:31:01,-07:00,2026-04-03T09:31:01-07:00,2,20
index.html,5,html,eb19b95b,Kangxin Peng,2026-04-03,09:31:01,-07:00,2026-04-03T09:31:01-07:00,2,68
index.html,6,html,eb19b95b,Kangxin Peng,2026-04-03,09:31:01,-07:00,2026-04-03T09:31:01-07:00,2,54
index.html,7,html,acf132ec,Kangxin Peng,2026-04-03,10:44:15,-07:00,2026-04-03T10:44:15-07:00,2,38
index.html,8,html,eb19b95b,Kangxin Peng,2026-04-03,09:31:01,-07:00,2026-04-03T09:31:01-07:00,0,5
index.html,9,html,eb19b95b,Kangxin Peng,2026-04-03,09:31:01,-07:00,2026-04-03T09:31:01-07:00,0,4
index.html,10,html,51b3d150,Kangxin Peng,2026-04-16,19:34:07,-07:00,2026-04-16T19:34:07-07:00,2,47
index.html,11,html,acc3f547,Kangxin Peng,2026-04-16,19:40:29,-07:00,2026-04-16T19:40:29-07:00,0,0
index.html,12,html,eb19b95b,Kangxin Peng,2026-04-03,09:31:01,-07:00,2026-04-03T09:31:01-07:00,2,19
index.html,13,html,9e5e06aa,Kangxin Peng,2026-04-03,10:00:54,-07:00,2026-04-03T10:00:54-07:00,2,104
index.html,14,html,59623620,Kangxin Peng,2026-04-03,22:16:30,-07:00,2026-04-03T22:16:30-07:00,2,55
index.html,15,html,aeb7ada8,Kangxin Peng,2026-04-23,17:33:53,-07:00,2026-04-23T17:33:53-07:00,0,0
index.html,16,html,63e1fa6e,Kangxin Peng,2026-04-24,13:20:09,-07:00,2026-04-24T13:20:09-07:00,2,19
index.html,17,html,63e1fa6e,Kangxin Peng,2026-04-24,13:20:09,-07:00,2026-04-24T13:20:09-07:00,2,28
index.html,18,html,63e1fa6e,Kangxin Peng,2026-04-24,13:20:09,-07:00,2026-04-24T13:20:09-07:00,0,0
index.html,19,html,aeb7ada8,Kangxin Peng,2026-04-23,17:33:53,-07:00,2026-04-23T17:33:53-07:00,2,22
index.html,20,html,aeb7ada8,Kangxin Peng,2026-04-23,17:33:53,-07:00,2026-04-23T17:33:53-07:00,2,26
index.html,21,html,aeb7ada8,Kangxin Peng,2026-04-23,17:33:53,-07:00,2026-04-23T17:33:53-07:00,0,0
index.html,22,html,be1427a6,Kangxin Peng,2026-04-23,17:38:27,-07:00,2026-04-23T17:38:27-07:00,2,50
index.html,23,html,aeb7ada8,Kangxin Peng,2026-04-23,17:33:53,-07:00,2026-04-23T17:33:53-07:00,0,0
index.html,24,html,aeb7ada8,Kangxin Peng,2026-04-23,17:33:53,-07:00,2026-04-23T17:33:53-07:00,0,0
index.html,25,html,eb19b95b,Kangxin Peng,2026-04-03,09:31:01,-07:00,2026-04-03T09:31:01-07:00,0,5
index.html,26,html,eb19b95b,Kangxin Peng,2026-04-03,09:31:01,-07:00,2026-04-03T09:31:01-07:00,0,5
global.js,1,js,d4c01809,Kangxin Peng,2026-04-16,19:55:02,-07:00,2026-04-16T19:55:02-07:00,0,25
global.js,2,js,ff194147,Kangxin Peng,2026-04-16,19:31:22,-07:00,2026-04-16T19:31:22-07:00,0,0
global.js,3,js,ff194147,Kangxin Peng,2026-04-16,19:31:22,-07:00,2026-04-16T19:31:22-07:00,0,41
global.js,4,js,ff194147,Kangxin Peng,2026-04-16,19:31:22,-07:00,2026-04-16T19:31:22-07:00,1,52
global.js,5,js,acc3f547,Kangxin Peng,2026-04-16,19:40:29,-07:00,2026-04-16T19:40:29-07:00,0,0
global.js,6,js,acc3f547,Kangxin Peng,2026-04-16,19:40:29,-07:00,2026-04-16T19:40:29-07:00,0,0
global.js,7,js,d4c01809,Kangxin Peng,2026-04-16,19:55:02,-07:00,2026-04-16T19:55:02-07:00,0,15
global.js,8,js,d4c01809,Kangxin Peng,2026-04-16,19:55:02,-07:00,2026-04-16T19:55:02-07:00,1,68
global.js,9,js,d4c01809,Kangxin Peng,2026-04-16,19:55:02,-07:00,2026-04-16T19:55:02-07:00,2,3
global.js,10,js,d4c01809,Kangxin Peng,2026-04-16,19:55:02,-07:00,2026-04-16T19:55:02-07:00,2,14
global.js,11,js,acc3f547,Kangxin Peng,2026-04-16,19:40:29,-07:00,2026-04-16T19:40:29-07:00,0,0
global.js,12,js,d4c01809,Kangxin Peng,2026-04-16,19:55:02,-07:00,2026-04-16T19:55:02-07:00,0,11
global.js,13,js,d4c01809,Kangxin Peng,2026-04-16,19:55:02,-07:00,2026-04-16T19:55:02-07:00,1,25
global.js,14,js,d4c01809,Kangxin Peng,2026-04-16,19:55:02,-07:00,2026-04-16T19:55:02-07:00,1,38
global.js,15,js,d4c01809,Kangxin Peng,2026-04-16,19:55:02,-07:00,2026-04-16T19:55:02-07:00,1,36
global.js,16,js,d4c01809,Kangxin Peng,2026-04-16,19:55:02,-07:00,2026-04-16T19:55:02-07:00,1,34
global.js,17,js,6c32e82f,Kangxin Peng,2026-05-09,11:22:58,-07:00,2026-05-09T11:22:58-07:00,1,30
global.js,18,js,d4c01809,Kangxin Peng,2026-04-16,19:55:02,-07:00,2026-04-16T19:55:02-07:00,1,53
global.js,19,js,d4c01809,Kangxin Peng,2026-04-16,19:55:02,-07:00,2026-04-16T19:55:02-07:00,0,0
global.js,20,js,acc3f547,Kangxin Peng,2026-04-16,19:40:29,-07:00,2026-04-16T19:40:29-07:00,0,0
global.js,21,js,d4c01809,Kangxin Peng,2026-04-16,19:55:02,-07:00,2026-04-16T19:55:02-07:00,0,38
global.js,22,js,d4c01809,Kangxin Peng,2026-04-16,19:55:02,-07:00,2026-04-16T19:55:02-07:00,0,25
global.js,23,js,d4c01809,Kangxin Peng,2026-04-16,19:55:02,-07:00,2026-04-16T19:55:02-07:00,0,0
global.js,24,js,d4c01809,Kangxin Peng,2026-04-16,19:55:02,-07:00,2026-04-16T19:55:02-07:00,0,20
global.js,25,js,d4c01809,Kangxin Peng,2026-04-16,19:55:02,-07:00,2026-04-16T19:55:02-07:00,1,14
global.js,26,js,d4c01809,Kangxin Peng,2026-04-16,19:55:02,-07:00,2026-04-16T19:55:02-07:00,1,18
global.js,27,js,d4c01809,Kangxin Peng,2026-04-16,19:55:02,-07:00,2026-04-16T19:55:02-07:00,0,0
global.js,28,js,d4c01809,Kangxin Peng,2026-04-16,19:55:02,-07:00,2026-04-16T19:55:02-07:00,1,52
global.js,29,js,d4c01809,Kangxin Peng,2026-04-16,19:55:02,-07:00,2026-04-16T19:55:02-07:00,0,0
global.js,30,js,d4c01809,Kangxin Peng,2026-04-16,19:55:02,-07:00,2026-04-16T19:55:02-07:00,1,34
global.js,31,js,d4c01809,Kangxin Peng,2026-04-16,19:55:02,-07:00,2026-04-16T19:55:02-07:00,1,11
global.js,32,js,d4c01809,Kangxin Peng,2026-04-16,19:55:02,-07:00,2026-04-16T19:55:02-07:00,1,20
global.js,33,js,d4c01809,Kangxin Peng,2026-04-16,19:55:02,-07:00,2026-04-16T19:55:02-07:00,0,0
global.js,34,js,d4c01809,Kangxin Peng,2026-04-16,19:55:02,-07:00,2026-04-16T19:55:02-07:00,1,17
global.js,35,js,d4c01809,Kangxin Peng,2026-04-16,19:55:02,-07:00,2026-04-16T19:55:02-07:00,2,8
global.js,36,js,d4c01809,Kangxin Peng,2026-04-16,19:55:02,-07:00,2026-04-16T19:55:02-07:00,2,58
global.js,37,js,d4c01809,Kangxin Peng,2026-04-16,19:55:02,-07:00,2026-04-16T19:55:02-07:00,1,0
global.js,38,js,d4c01809,Kangxin Peng,2026-04-16,19:55:02,-07:00,2026-04-16T19:55:02-07:00,0,0
global.js,39,js,d4c01809,Kangxin Peng,2026-04-16,19:55:02,-07:00,2026-04-16T19:55:02-07:00,1,29
global.js,40,js,d4c01809,Kangxin Peng,2026-04-16,19:55:02,-07:00,2026-04-16T19:55:02-07:00,2,18
global.js,41,js,d4c01809,Kangxin Peng,2026-04-16,19:55:02,-07:00,2026-04-16T19:55:02-07:00,1,0
global.js,42,js,d4c01809,Kangxin Peng,2026-04-16,19:55:02,-07:00,2026-04-16T19:55:02-07:00,0,0
global.js,43,js,d4c01809,Kangxin Peng,2026-04-16,19:55:02,-07:00,2026-04-16T19:55:02-07:00,1,12
global.js,44,js,a31cffa3,Kangxin Peng,2026-04-16,20:31:55,-07:00,2026-04-16T20:31:55-07:00,0,0
global.js,45,js,a31cffa3,Kangxin Peng,2026-04-16,20:31:55,-07:00,2026-04-16T20:31:55-07:00,0,0
global.js,46,js,a31cffa3,Kangxin Peng,2026-04-16,20:31:55,-07:00,2026-04-16T20:31:55-07:00,0,31
global.js,47,js,a31cffa3,Kangxin Peng,2026-04-16,20:31:55,-07:00,2026-04-16T20:31:55-07:00,1,11
global.js,48,js,a31cffa3,Kangxin Peng,2026-04-16,20:31:55,-07:00,2026-04-16T20:31:55-07:00,1,0
global.js,49,js,a31cffa3,Kangxin Peng,2026-04-16,20:31:55,-07:00,2026-04-16T20:31:55-07:00,2,26
global.js,50,js,a31cffa3,Kangxin Peng,2026-04-16,20:31:55,-07:00,2026-04-16T20:31:55-07:00,3,4
global.js,51,js,a31cffa3,Kangxin Peng,2026-04-16,20:31:55,-07:00,2026-04-16T20:31:55-07:00,3,6
global.js,52,js,a31cffa3,Kangxin Peng,2026-04-16,20:31:55,-07:00,2026-04-16T20:31:55-07:00,4,43
global.js,53,js,a31cffa3,Kangxin Peng,2026-04-16,20:31:55,-07:00,2026-04-16T20:31:55-07:00,4,34
global.js,54,js,a31cffa3,Kangxin Peng,2026-04-16,20:31:55,-07:00,2026-04-16T20:31:55-07:00,4,32
global.js,55,js,a31cffa3,Kangxin Peng,2026-04-16,20:31:55,-07:00,2026-04-16T20:31:55-07:00,3,7
global.js,56,js,a31cffa3,Kangxin Peng,2026-04-16,20:31:55,-07:00,2026-04-16T20:31:55-07:00,2,6
global.js,57,js,a31cffa3,Kangxin Peng,2026-04-16,20:31:55,-07:00,2026-04-16T20:31:55-07:00,1,0
global.js,58,js,a31cffa3,Kangxin Peng,2026-04-16,20:31:55,-07:00,2026-04-16T20:31:55-07:00,0,0
global.js,59,js,a31cffa3,Kangxin Peng,2026-04-16,20:31:55,-07:00,2026-04-16T20:31:55-07:00,0,0
global.js,60,js,a31cffa3,Kangxin Peng,2026-04-16,20:31:55,-07:00,2026-04-16T20:31:55-07:00,0,58
global.js,61,js,a31cffa3,Kangxin Peng,2026-04-16,20:31:55,-07:00,2026-04-16T20:31:55-07:00,0,0
global.js,62,js,a31cffa3,Kangxin Peng,2026-04-16,20:31:55,-07:00,2026-04-16T20:31:55-07:00,0,34
global.js,63,js,a31cffa3,Kangxin Peng,2026-04-16,20:31:55,-07:00,2026-04-16T20:31:55-07:00,1,83
global.js,64,js,a31cffa3,Kangxin Peng,2026-04-16,20:31:55,-07:00,2026-04-16T20:31:55-07:00,1,38
global.js,65,js,a31cffa3,Kangxin Peng,2026-04-16,20:31:55,-07:00,2026-04-16T20:31:55-07:00,0,0
global.js,66,js,a31cffa3,Kangxin Peng,2026-04-16,20:31:55,-07:00,2026-04-16T20:31:55-07:00,0,0
global.js,67,js,a31cffa3,Kangxin Peng,2026-04-16,20:31:55,-07:00,2026-04-16T20:31:55-07:00,0,49
global.js,68,js,a31cffa3,Kangxin Peng,2026-04-16,20:31:55,-07:00,2026-04-16T20:31:55-07:00,1,77
global.js,69,js,a31cffa3,Kangxin Peng,2026-04-16,20:31:55,-07:00,2026-04-16T20:31:55-07:00,1,44
global.js,70,js,a31cffa3,Kangxin Peng,2026-04-16,20:31:55,-07:00,2026-04-16T20:31:55-07:00,0,1
global.js,71,js,a31cffa3,Kangxin Peng,2026-04-16,20:31:55,-07:00,2026-04-16T20:31:55-07:00,0,0
global.js,72,js,a31cffa3,Kangxin Peng,2026-04-16,20:31:55,-07:00,2026-04-16T20:31:55-07:00,0,40
global.js,73,js,a31cffa3,Kangxin Peng,2026-04-16,20:31:55,-07:00,2026-04-16T20:31:55-07:00,0,0
global.js,74,js,a31cffa3,Kangxin Peng,2026-04-16,20:31:55,-07:00,2026-04-16T20:31:55-07:00,0,49
global.js,75,js,a31cffa3,Kangxin Peng,2026-04-16,20:31:55,-07:00,2026-04-16T20:31:55-07:00,1,21
global.js,76,js,a31cffa3,Kangxin Peng,2026-04-16,20:31:55,-07:00,2026-04-16T20:31:55-07:00,0,0
global.js,77,js,a31cffa3,Kangxin Peng,2026-04-16,20:31:55,-07:00,2026-04-16T20:31:55-07:00,1,28
global.js,78,js,a31cffa3,Kangxin Peng,2026-04-16,20:31:55,-07:00,2026-04-16T20:31:55-07:00,1,26
global.js,79,js,a31cffa3,Kangxin Peng,2026-04-16,20:31:55,-07:00,2026-04-16T20:31:55-07:00,1,14
global.js,80,js,a31cffa3,Kangxin Peng,2026-04-16,20:31:55,-07:00,2026-04-16T20:31:55-07:00,0,0
global.js,81,js,a31cffa3,Kangxin Peng,2026-04-16,20:31:55,-07:00,2026-04-16T20:31:55-07:00,1,31
global.js,82,js,a31cffa3,Kangxin Peng,2026-04-16,20:31:55,-07:00,2026-04-16T20:31:55-07:00,2,50
global.js,83,js,a31cffa3,Kangxin Peng,2026-04-16,20:31:55,-07:00,2026-04-16T20:31:55-07:00,1,0
global.js,84,js,a31cffa3,Kangxin Peng,2026-04-16,20:31:55,-07:00,2026-04-16T20:31:55-07:00,0,0
global.js,85,js,a31cffa3,Kangxin Peng,2026-04-16,20:31:55,-07:00,2026-04-16T20:31:55-07:00,1,22
global.js,86,js,a31cffa3,Kangxin Peng,2026-04-16,20:31:55,-07:00,2026-04-16T20:31:55-07:00,1,18
global.js,87,js,5189b53f,Kangxin Peng,2026-04-23,15:55:50,-07:00,2026-04-23T15:55:50-07:00,0,1
global.js,88,js,5189b53f,Kangxin Peng,2026-04-23,15:55:50,-07:00,2026-04-23T15:55:50-07:00,0,0
global.js,89,js,5189b53f,Kangxin Peng,2026-04-23,15:55:50,-07:00,2026-04-23T15:55:50-07:00,0,36
global.js,90,js,5189b53f,Kangxin Peng,2026-04-23,15:55:50,-07:00,2026-04-23T15:55:50-07:00,1,3
global.js,91,js,5189b53f,Kangxin Peng,2026-04-23,15:55:50,-07:00,2026-04-23T15:55:50-07:00,2,32
global.js,92,js,5189b53f,Kangxin Peng,2026-04-23,15:55:50,-07:00,2026-04-23T15:55:50-07:00,0,0
global.js,93,js,5189b53f,Kangxin Peng,2026-04-23,15:55:50,-07:00,2026-04-23T15:55:50-07:00,2,17
global.js,94,js,5189b53f,Kangxin Peng,2026-04-23,15:55:50,-07:00,2026-04-23T15:55:50-07:00,3,66
global.js,95,js,5189b53f,Kangxin Peng,2026-04-23,15:55:50,-07:00,2026-04-23T15:55:50-07:00,2,0
global.js,96,js,5189b53f,Kangxin Peng,2026-04-23,15:55:50,-07:00,2026-04-23T15:55:50-07:00,0,0
global.js,97,js,5189b53f,Kangxin Peng,2026-04-23,15:55:50,-07:00,2026-04-23T15:55:50-07:00,2,33
global.js,98,js,5189b53f,Kangxin Peng,2026-04-23,15:55:50,-07:00,2026-04-23T15:55:50-07:00,2,10
global.js,99,js,5189b53f,Kangxin Peng,2026-04-23,15:55:50,-07:00,2026-04-23T15:55:50-07:00,0,0
global.js,100,js,5189b53f,Kangxin Peng,2026-04-23,15:55:50,-07:00,2026-04-23T15:55:50-07:00,1,15
global.js,101,js,5189b53f,Kangxin Peng,2026-04-23,15:55:50,-07:00,2026-04-23T15:55:50-07:00,2,59
global.js,102,js,5189b53f,Kangxin Peng,2026-04-23,15:55:50,-07:00,2026-04-23T15:55:50-07:00,1,0
global.js,103,js,43b6755e,Kangxin Peng,2026-04-23,16:10:23,-07:00,2026-04-23T16:10:23-07:00,0,0
global.js,104,js,43b6755e,Kangxin Peng,2026-04-23,16:10:23,-07:00,2026-04-23T16:10:23-07:00,0,0
global.js,105,js,43b6755e,Kangxin Peng,2026-04-23,16:10:23,-07:00,2026-04-23T16:10:23-07:00,0,79
global.js,106,js,43b6755e,Kangxin Peng,2026-04-23,16:10:23,-07:00,2026-04-23T16:10:23-07:00,1,30
global.js,107,js,43b6755e,Kangxin Peng,2026-04-23,16:10:23,-07:00,2026-04-23T16:10:23-07:00,0,0
global.js,108,js,43b6755e,Kangxin Peng,2026-04-23,16:10:23,-07:00,2026-04-23T16:10:23-07:00,1,29
global.js,109,js,43b6755e,Kangxin Peng,2026-04-23,16:10:23,-07:00,2026-04-23T16:10:23-07:00,2,48
global.js,110,js,43b6755e,Kangxin Peng,2026-04-23,16:10:23,-07:00,2026-04-23T16:10:23-07:00,0,0
global.js,111,js,43b6755e,Kangxin Peng,2026-04-23,16:10:23,-07:00,2026-04-23T16:10:23-07:00,2,19
global.js,112,js,43b6755e,Kangxin Peng,2026-04-23,16:10:23,-07:00,2026-04-23T16:10:23-07:00,3,49
global.js,113,js,43b6755e,Kangxin Peng,2026-04-23,16:10:23,-07:00,2026-04-23T16:10:23-07:00,3,49
global.js,114,js,6589401c,Kangxin Peng,2026-04-30,14:37:10,-07:00,2026-04-30T14:37:10-07:00,3,3
global.js,115,js,6589401c,Kangxin Peng,2026-04-30,14:37:10,-07:00,2026-04-30T14:37:10-07:00,4,27
global.js,116,js,6589401c,Kangxin Peng,2026-04-30,14:37:10,-07:00,2026-04-30T14:37:10-07:00,4,41
global.js,117,js,6589401c,Kangxin Peng,2026-04-30,14:37:10,-07:00,2026-04-30T14:37:10-07:00,3,4
global.js,118,js,43b6755e,Kangxin Peng,2026-04-23,16:10:23,-07:00,2026-04-23T16:10:23-07:00,2,0
global.js,119,js,43b6755e,Kangxin Peng,2026-04-23,16:10:23,-07:00,2026-04-23T16:10:23-07:00,0,0
global.js,120,js,43b6755e,Kangxin Peng,2026-04-23,16:10:23,-07:00,2026-04-23T16:10:23-07:00,2,36
global.js,121,js,43b6755e,Kangxin Peng,2026-04-23,16:10:23,-07:00,2026-04-23T16:10:23-07:00,1,0
global.js,122,js,63e1fa6e,Kangxin Peng,2026-04-24,13:20:09,-07:00,2026-04-24T13:20:09-07:00,0,0
global.js,123,js,63e1fa6e,Kangxin Peng,2026-04-24,13:20:09,-07:00,2026-04-24T13:20:09-07:00,0,0
global.js,124,js,63e1fa6e,Kangxin Peng,2026-04-24,13:20:09,-07:00,2026-04-24T13:20:09-07:00,0,47
global.js,125,js,63e1fa6e,Kangxin Peng,2026-04-24,13:20:09,-07:00,2026-04-24T13:20:09-07:00,1,59
global.js,126,js,5189b53f,Kangxin Peng,2026-04-23,15:55:50,-07:00,2026-04-23T15:55:50-07:00,0,0
resume\index.html,1,html,096d3240,Kangxin Peng,2026-04-03,17:38:34,-07:00,2026-04-03T17:38:34-07:00,0,13
resume\index.html,2,html,096d3240,Kangxin Peng,2026-04-03,17:38:34,-07:00,2026-04-03T17:38:34-07:00,0,14
resume\index.html,3,html,096d3240,Kangxin Peng,2026-04-03,17:38:34,-07:00,2026-04-03T17:38:34-07:00,0,4
resume\index.html,4,html,096d3240,Kangxin Peng,2026-04-03,17:38:34,-07:00,2026-04-03T17:38:34-07:00,2,20
resume\index.html,5,html,096d3240,Kangxin Peng,2026-04-03,17:38:34,-07:00,2026-04-03T17:38:34-07:00,2,68
resume\index.html,6,html,df6f6476,Kangxin Peng,2026-04-03,21:25:57,-07:00,2026-04-03T21:25:57-07:00,2,19
resume\index.html,7,html,439ccc56,Kangxin Peng,2026-04-03,21:15:17,-07:00,2026-04-03T21:15:17-07:00,2,41
resume\index.html,8,html,096d3240,Kangxin Peng,2026-04-03,17:38:34,-07:00,2026-04-03T17:38:34-07:00,0,5
resume\index.html,9,html,096d3240,Kangxin Peng,2026-04-03,17:38:34,-07:00,2026-04-03T17:38:34-07:00,0,4
resume\index.html,10,html,51b3d150,Kangxin Peng,2026-04-16,19:34:07,-07:00,2026-04-16T19:34:07-07:00,2,48
resume\index.html,11,html,acc3f547,Kangxin Peng,2026-04-16,19:40:29,-07:00,2026-04-16T19:40:29-07:00,0,0
resume\index.html,12,html,439ccc56,Kangxin Peng,2026-04-03,21:15:17,-07:00,2026-04-03T21:15:17-07:00,2,19
resume\index.html,13,html,439ccc56,Kangxin Peng,2026-04-03,21:15:17,-07:00,2026-04-03T21:15:17-07:00,2,7
resume\index.html,14,html,df6f6476,Kangxin Peng,2026-04-03,21:25:57,-07:00,2026-04-03T21:25:57-07:00,2,16
resume\index.html,15,html,439ccc56,Kangxin Peng,2026-04-03,21:15:17,-07:00,2026-04-03T21:15:17-07:00,0,0
resume\index.html,16,html,df6f6476,Kangxin Peng,2026-04-03,21:25:57,-07:00,2026-04-03T21:25:57-07:00,2,7
resume\index.html,17,html,df6f6476,Kangxin Peng,2026-04-03,21:25:57,-07:00,2026-04-03T21:25:57-07:00,4,42
resume\index.html,18,html,df6f6476,Kangxin Peng,2026-04-03,21:25:57,-07:00,2026-04-03T21:25:57-07:00,4,25
resume\index.html,19,html,df6f6476,Kangxin Peng,2026-04-03,21:25:57,-07:00,2026-04-03T21:25:57-07:00,4,44
resume\index.html,20,html,df6f6476,Kangxin Peng,2026-04-03,21:25:57,-07:00,2026-04-03T21:25:57-07:00,4,22
resume\index.html,21,html,df6f6476,Kangxin Peng,2026-04-03,21:25:57,-07:00,2026-04-03T21:25:57-07:00,2,8
resume\index.html,22,html,df6f6476,Kangxin Peng,2026-04-03,21:25:57,-07:00,2026-04-03T21:25:57-07:00,0,0
resume\index.html,23,html,df6f6476,Kangxin Peng,2026-04-03,21:25:57,-07:00,2026-04-03T21:25:57-07:00,2,7
resume\index.html,24,html,df6f6476,Kangxin Peng,2026-04-03,21:25:57,-07:00,2026-04-03T21:25:57-07:00,4,24
resume\index.html,25,html,df6f6476,Kangxin Peng,2026-04-03,21:25:57,-07:00,2026-04-03T21:25:57-07:00,4,39
resume\index.html,26,html,5243d821,Kangxin Peng,2026-04-03,23:51:51,-07:00,2026-04-03T23:51:51-07:00,4,22
resume\index.html,27,html,df6f6476,Kangxin Peng,2026-04-03,21:25:57,-07:00,2026-04-03T21:25:57-07:00,2,8
resume\index.html,28,html,df6f6476,Kangxin Peng,2026-04-03,21:25:57,-07:00,2026-04-03T21:25:57-07:00,0,8
resume\index.html,29,html,439ccc56,Kangxin Peng,2026-04-03,21:15:17,-07:00,2026-04-03T21:15:17-07:00,2,7
resume\index.html,30,html,439ccc56,Kangxin Peng,2026-04-03,21:15:17,-07:00,2026-04-03T21:15:17-07:00,4,17
resume\index.html,31,html,439ccc56,Kangxin Peng,2026-04-03,21:15:17,-07:00,2026-04-03T21:15:17-07:00,0,0
resume\index.html,32,html,439ccc56,Kangxin Peng,2026-04-03,21:15:17,-07:00,2026-04-03T21:15:17-07:00,4,7
resume\index.html,33,html,439ccc56,Kangxin Peng,2026-04-03,21:15:17,-07:00,2026-04-03T21:15:17-07:00,6,34
resume\index.html,34,html,439ccc56,Kangxin Peng,2026-04-03,21:15:17,-07:00,2026-04-03T21:15:17-07:00,6,28
resume\index.html,35,html,439ccc56,Kangxin Peng,2026-04-03,21:15:17,-07:00,2026-04-03T21:15:17-07:00,6,22
resume\index.html,36,html,439ccc56,Kangxin Peng,2026-04-03,21:15:17,-07:00,2026-04-03T21:15:17-07:00,4,8
resume\index.html,37,html,439ccc56,Kangxin Peng,2026-04-03,21:15:17,-07:00,2026-04-03T21:15:17-07:00,2,8
resume\index.html,38,html,439ccc56,Kangxin Peng,2026-04-03,21:15:17,-07:00,2026-04-03T21:15:17-07:00,2,7
resume\index.html,39,html,439ccc56,Kangxin Peng,2026-04-03,21:15:17,-07:00,2026-04-03T21:15:17-07:00,4,15
resume\index.html,40,html,439ccc56,Kangxin Peng,2026-04-03,21:15:17,-07:00,2026-04-03T21:15:17-07:00,0,0
resume\index.html,41,html,439ccc56,Kangxin Peng,2026-04-03,21:15:17,-07:00,2026-04-03T21:15:17-07:00,4,7
resume\index.html,42,html,439ccc56,Kangxin Peng,2026-04-03,21:15:17,-07:00,2026-04-03T21:15:17-07:00,6,38
resume\index.html,43,html,439ccc56,Kangxin Peng,2026-04-03,21:15:17,-07:00,2026-04-03T21:15:17-07:00,6,59
resume\index.html,44,html,439ccc56,Kangxin Peng,2026-04-03,21:15:17,-07:00,2026-04-03T21:15:17-07:00,6,105
resume\index.html,45,html,439ccc56,Kangxin Peng,2026-04-03,21:15:17,-07:00,2026-04-03T21:15:17-07:00,8,10
resume\index.html,46,html,439ccc56,Kangxin Peng,2026-04-03,21:15:17,-07:00,2026-04-03T21:15:17-07:00,6,2
resume\index.html,47,html,439ccc56,Kangxin Peng,2026-04-03,21:15:17,-07:00,2026-04-03T21:15:17-07:00,4,8
resume\index.html,48,html,439ccc56,Kangxin Peng,2026-04-03,21:15:17,-07:00,2026-04-03T21:15:17-07:00,2,8
resume\index.html,49,html,439ccc56,Kangxin Peng,2026-04-03,21:15:17,-07:00,2026-04-03T21:15:17-07:00,2,7
resume\index.html,50,html,439ccc56,Kangxin Peng,2026-04-03,21:15:17,-07:00,2026-04-03T21:15:17-07:00,4,13
resume\index.html,51,html,439ccc56,Kangxin Peng,2026-04-03,21:15:17,-07:00,2026-04-03T21:15:17-07:00,4,2
resume\index.html,52,html,439ccc56,Kangxin Peng,2026-04-03,21:15:17,-07:00,2026-04-03T21:15:17-07:00,6,13
resume\index.html,53,html,df6f6476,Kangxin Peng,2026-04-03,21:25:57,-07:00,2026-04-03T21:25:57-07:00,6,11
resume\index.html,54,html,439ccc56,Kangxin Peng,2026-04-03,21:15:17,-07:00,2026-04-03T21:15:17-07:00,6,10
resume\index.html,55,html,439ccc56,Kangxin Peng,2026-04-03,21:15:17,-07:00,2026-04-03T21:15:17-07:00,6,23
resume\index.html,56,html,439ccc56,Kangxin Peng,2026-04-03,21:15:17,-07:00,2026-04-03T21:15:17-07:00,4,3
resume\index.html,57,html,439ccc56,Kangxin Peng,2026-04-03,21:15:17,-07:00,2026-04-03T21:15:17-07:00,2,8
resume\index.html,58,html,096d3240,Kangxin Peng,2026-04-03,17:38:34,-07:00,2026-04-03T17:38:34-07:00,0,5
resume\index.html,59,html,096d3240,Kangxin Peng,2026-04-03,17:38:34,-07:00,2026-04-03T17:38:34-07:00,0,5
projects\projects.js,1,js,dcb6c39d,Kangxin Peng,2026-04-30,17:17:05,-07:00,2026-04-30T17:17:05-07:00,0,63
projects\projects.js,2,js,43b6755e,Kangxin Peng,2026-04-23,16:10:23,-07:00,2026-04-23T16:10:23-07:00,0,55
projects\projects.js,3,js,43b6755e,Kangxin Peng,2026-04-23,16:10:23,-07:00,2026-04-23T16:10:23-07:00,0,0
projects\projects.js,4,js,2f36e762,Kangxin Peng,2026-04-23,16:16:32,-07:00,2026-04-23T16:16:32-07:00,0,55
projects\projects.js,5,js,43b6755e,Kangxin Peng,2026-04-23,16:10:23,-07:00,2026-04-23T16:10:23-07:00,0,0
projects\projects.js,6,js,43b6755e,Kangxin Peng,2026-04-23,16:10:23,-07:00,2026-04-23T16:10:23-07:00,0,60
projects\projects.js,7,js,5df9e549,Kangxin Peng,2026-05-01,00:32:24,-07:00,2026-05-01T00:32:24-07:00,0,54
projects\projects.js,8,js,5df9e549,Kangxin Peng,2026-05-01,00:32:24,-07:00,2026-05-01T00:32:24-07:00,0,55
projects\projects.js,9,js,b2279b5f,Kangxin Peng,2026-04-23,16:26:26,-07:00,2026-04-23T16:26:26-07:00,0,0
projects\projects.js,10,js,4a9e75e8,Kangxin Peng,2026-05-01,11:19:36,-07:00,2026-05-01T11:19:36-07:00,0,22
projects\projects.js,11,js,d83babf6,Kangxin Peng,2026-04-30,23:19:05,-07:00,2026-04-30T23:19:05-07:00,0,13
projects\projects.js,12,js,d83babf6,Kangxin Peng,2026-04-30,23:19:05,-07:00,2026-04-30T23:19:05-07:00,0,0
projects\projects.js,13,js,4a9e75e8,Kangxin Peng,2026-05-01,11:19:36,-07:00,2026-05-01T11:19:36-07:00,0,49
projects\projects.js,14,js,851965de,Kangxin Peng,2026-05-01,11:08:27,-07:00,2026-05-01T11:08:27-07:00,1,51
projects\projects.js,15,js,851965de,Kangxin Peng,2026-05-01,11:08:27,-07:00,2026-05-01T11:08:27-07:00,2,59
projects\projects.js,16,js,851965de,Kangxin Peng,2026-05-01,11:08:27,-07:00,2026-05-01T11:08:27-07:00,2,42
projects\projects.js,17,js,851965de,Kangxin Peng,2026-05-01,11:08:27,-07:00,2026-05-01T11:08:27-07:00,1,1
projects\projects.js,18,js,58618de2,Kangxin Peng,2026-05-01,01:32:45,-07:00,2026-05-01T01:32:45-07:00,0,0
projects\projects.js,19,js,4a9e75e8,Kangxin Peng,2026-05-01,11:19:36,-07:00,2026-05-01T11:19:36-07:00,1,17
projects\projects.js,20,js,851965de,Kangxin Peng,2026-05-01,11:08:27,-07:00,2026-05-01T11:08:27-07:00,2,85
projects\projects.js,21,js,58618de2,Kangxin Peng,2026-05-01,01:32:45,-07:00,2026-05-01T01:32:45-07:00,1,0
projects\projects.js,22,js,58618de2,Kangxin Peng,2026-05-01,01:32:45,-07:00,2026-05-01T01:32:45-07:00,0,0
projects\projects.js,23,js,851965de,Kangxin Peng,2026-05-01,11:08:27,-07:00,2026-05-01T11:08:27-07:00,1,22
projects\projects.js,24,js,58618de2,Kangxin Peng,2026-05-01,01:32:45,-07:00,2026-05-01T01:32:45-07:00,0,0
projects\projects.js,25,js,58618de2,Kangxin Peng,2026-05-01,01:32:45,-07:00,2026-05-01T01:32:45-07:00,0,0
projects\projects.js,26,js,0d9d706f,Kangxin Peng,2026-05-01,13:03:16,-07:00,2026-05-01T13:03:16-07:00,0,37
projects\projects.js,27,js,8046ef19,Kangxin Peng,2026-05-01,11:51:25,-07:00,2026-05-01T11:51:25-07:00,1,64
projects\projects.js,28,js,8046ef19,Kangxin Peng,2026-05-01,11:51:25,-07:00,2026-05-01T11:51:25-07:00,0,0
projects\projects.js,29,js,8046ef19,Kangxin Peng,2026-05-01,11:51:25,-07:00,2026-05-01T11:51:25-07:00,1,56
projects\projects.js,30,js,8046ef19,Kangxin Peng,2026-05-01,11:51:25,-07:00,2026-05-01T11:51:25-07:00,1,56
projects\projects.js,31,js,0d9d706f,Kangxin Peng,2026-05-01,13:03:16,-07:00,2026-05-01T13:03:16-07:00,0,0
projects\projects.js,32,js,0d9d706f,Kangxin Peng,2026-05-01,13:03:16,-07:00,2026-05-01T13:03:16-07:00,1,14
projects\projects.js,33,js,0d9d706f,Kangxin Peng,2026-05-01,13:03:16,-07:00,2026-05-01T13:03:16-07:00,2,31
projects\projects.js,34,js,0d9d706f,Kangxin Peng,2026-05-01,13:03:16,-07:00,2026-05-01T13:03:16-07:00,1,0
projects\projects.js,35,js,8046ef19,Kangxin Peng,2026-05-01,11:51:25,-07:00,2026-05-01T11:51:25-07:00,0,0
projects\projects.js,36,js,851965de,Kangxin Peng,2026-05-01,11:08:27,-07:00,2026-05-01T11:08:27-07:00,0,0
projects\projects.js,37,js,5df9e549,Kangxin Peng,2026-05-01,00:32:24,-07:00,2026-05-01T00:32:24-07:00,0,38
projects\projects.js,38,js,5df9e549,Kangxin Peng,2026-05-01,00:32:24,-07:00,2026-05-01T00:32:24-07:00,1,26
projects\projects.js,39,js,5df9e549,Kangxin Peng,2026-05-01,00:32:24,-07:00,2026-05-01T00:32:24-07:00,2,12
projects\projects.js,40,js,5df9e549,Kangxin Peng,2026-05-01,00:32:24,-07:00,2026-05-01T00:32:24-07:00,2,14
projects\projects.js,41,js,851965de,Kangxin Peng,2026-05-01,11:08:27,-07:00,2026-05-01T11:08:27-07:00,2,12
projects\projects.js,42,js,d83babf6,Kangxin Peng,2026-04-30,23:19:05,-07:00,2026-04-30T23:19:05-07:00,1,0
projects\projects.js,43,js,d83babf6,Kangxin Peng,2026-04-30,23:19:05,-07:00,2026-04-30T23:19:05-07:00,0,0
projects\projects.js,44,js,5df9e549,Kangxin Peng,2026-05-01,00:32:24,-07:00,2026-05-01T00:32:24-07:00,1,44
projects\projects.js,45,js,5df9e549,Kangxin Peng,2026-05-01,00:32:24,-07:00,2026-05-01T00:32:24-07:00,2,35
projects\projects.js,46,js,5df9e549,Kangxin Peng,2026-05-01,00:32:24,-07:00,2026-05-01T00:32:24-07:00,1,1
projects\projects.js,47,js,d83babf6,Kangxin Peng,2026-04-30,23:19:05,-07:00,2026-04-30T23:19:05-07:00,0,0
projects\projects.js,48,js,5df9e549,Kangxin Peng,2026-05-01,00:32:24,-07:00,2026-05-01T00:32:24-07:00,1,57
projects\projects.js,49,js,5df9e549,Kangxin Peng,2026-05-01,00:32:24,-07:00,2026-05-01T00:32:24-07:00,1,50
projects\projects.js,50,js,5df9e549,Kangxin Peng,2026-05-01,00:32:24,-07:00,2026-05-01T00:32:24-07:00,1,33
projects\projects.js,51,js,5df9e549,Kangxin Peng,2026-05-01,00:32:24,-07:00,2026-05-01T00:32:24-07:00,1,45
projects\projects.js,52,js,dcb6c39d,Kangxin Peng,2026-04-30,17:17:05,-07:00,2026-04-30T17:17:05-07:00,0,0
projects\projects.js,53,js,5df9e549,Kangxin Peng,2026-05-01,00:32:24,-07:00,2026-05-01T00:32:24-07:00,1,47
projects\projects.js,54,js,3e4dc8b4,Kangxin Peng,2026-04-30,21:32:01,-07:00,2026-04-30T21:32:01-07:00,0,0
projects\projects.js,55,js,5df9e549,Kangxin Peng,2026-05-01,00:32:24,-07:00,2026-05-01T00:32:24-07:00,1,36
projects\projects.js,56,js,5df9e549,Kangxin Peng,2026-05-01,00:32:24,-07:00,2026-05-01T00:32:24-07:00,1,29
projects\projects.js,57,js,448ecc15,Kangxin Peng,2026-04-30,18:02:45,-07:00,2026-04-30T18:02:45-07:00,0,0
projects\projects.js,58,js,5df9e549,Kangxin Peng,2026-05-01,00:32:24,-07:00,2026-05-01T00:32:24-07:00,1,32
projects\projects.js,59,js,5df9e549,Kangxin Peng,2026-05-01,00:32:24,-07:00,2026-05-01T00:32:24-07:00,1,30
projects\projects.js,60,js,dcb6c39d,Kangxin Peng,2026-04-30,17:17:05,-07:00,2026-04-30T17:17:05-07:00,0,0
projects\projects.js,61,js,5df9e549,Kangxin Peng,2026-05-01,00:32:24,-07:00,2026-05-01T00:32:24-07:00,1,26
projects\projects.js,62,js,58618de2,Kangxin Peng,2026-05-01,01:32:45,-07:00,2026-05-01T01:32:45-07:00,2,1
projects\projects.js,63,js,58618de2,Kangxin Peng,2026-05-01,01:32:45,-07:00,2026-05-01T01:32:45-07:00,3,13
projects\projects.js,64,js,58618de2,Kangxin Peng,2026-05-01,01:32:45,-07:00,2026-05-01T01:32:45-07:00,3,13
projects\projects.js,65,js,58618de2,Kangxin Peng,2026-05-01,01:32:45,-07:00,2026-05-01T01:32:45-07:00,3,24
projects\projects.js,66,js,4a9e75e8,Kangxin Peng,2026-05-01,11:19:36,-07:00,2026-05-01T11:19:36-07:00,3,64
projects\projects.js,67,js,58618de2,Kangxin Peng,2026-05-01,01:32:45,-07:00,2026-05-01T01:32:45-07:00,3,18
projects\projects.js,68,js,4a9e75e8,Kangxin Peng,2026-05-01,11:19:36,-07:00,2026-05-01T11:19:36-07:00,4,71
projects\projects.js,69,js,0d9d706f,Kangxin Peng,2026-05-01,13:03:16,-07:00,2026-05-01T13:03:16-07:00,4,16
projects\projects.js,70,js,0d9d706f,Kangxin Peng,2026-05-01,13:03:16,-07:00,2026-05-01T13:03:16-07:00,0,0
projects\projects.js,71,js,0d9d706f,Kangxin Peng,2026-05-01,13:03:16,-07:00,2026-05-01T13:03:16-07:00,4,1
projects\projects.js,72,js,0d9d706f,Kangxin Peng,2026-05-01,13:03:16,-07:00,2026-05-01T13:03:16-07:00,5,16
projects\projects.js,73,js,0d9d706f,Kangxin Peng,2026-05-01,13:03:16,-07:00,2026-05-01T13:03:16-07:00,5,75
projects\projects.js,74,js,0d9d706f,Kangxin Peng,2026-05-01,13:03:16,-07:00,2026-05-01T13:03:16-07:00,0,0
projects\projects.js,75,js,0d9d706f,Kangxin Peng,2026-05-01,13:03:16,-07:00,2026-05-01T13:03:16-07:00,4,4
projects\projects.js,76,js,0d9d706f,Kangxin Peng,2026-05-01,13:03:16,-07:00,2026-05-01T13:03:16-07:00,5,14
projects\projects.js,77,js,0d9d706f,Kangxin Peng,2026-05-01,13:03:16,-07:00,2026-05-01T13:03:16-07:00,5,75
projects\projects.js,78,js,58618de2,Kangxin Peng,2026-05-01,01:32:45,-07:00,2026-05-01T01:32:45-07:00,3,1
projects\projects.js,79,js,58618de2,Kangxin Peng,2026-05-01,01:32:45,-07:00,2026-05-01T01:32:45-07:00,1,1
projects\projects.js,80,js,58618de2,Kangxin Peng,2026-05-01,01:32:45,-07:00,2026-05-01T01:32:45-07:00,0,0
projects\projects.js,81,js,58618de2,Kangxin Peng,2026-05-01,01:32:45,-07:00,2026-05-01T01:32:45-07:00,1,24
projects\projects.js,82,js,cfdd4f7f,Kangxin Peng,2026-05-01,01:08:00,-07:00,2026-05-01T01:08:00-07:00,2,4
projects\projects.js,83,js,cfdd4f7f,Kangxin Peng,2026-05-01,01:08:00,-07:00,2026-05-01T01:08:00-07:00,3,11
projects\projects.js,84,js,cfdd4f7f,Kangxin Peng,2026-05-01,01:08:00,-07:00,2026-05-01T01:08:00-07:00,3,38
projects\projects.js,85,js,4a9e75e8,Kangxin Peng,2026-05-01,11:19:36,-07:00,2026-05-01T11:19:36-07:00,3,56
projects\projects.js,86,js,851965de,Kangxin Peng,2026-05-01,11:08:27,-07:00,2026-05-01T11:08:27-07:00,3,68
projects\projects.js,87,js,851965de,Kangxin Peng,2026-05-01,11:08:27,-07:00,2026-05-01T11:08:27-07:00,3,18
projects\projects.js,88,js,4a9e75e8,Kangxin Peng,2026-05-01,11:19:36,-07:00,2026-05-01T11:19:36-07:00,4,55
projects\projects.js,89,js,0d9d706f,Kangxin Peng,2026-05-01,13:03:16,-07:00,2026-05-01T13:03:16-07:00,4,16
projects\projects.js,90,js,0d9d706f,Kangxin Peng,2026-05-01,13:03:16,-07:00,2026-05-01T13:03:16-07:00,0,0
projects\projects.js,91,js,0d9d706f,Kangxin Peng,2026-05-01,13:03:16,-07:00,2026-05-01T13:03:16-07:00,4,1
projects\projects.js,92,js,0d9d706f,Kangxin Peng,2026-05-01,13:03:16,-07:00,2026-05-01T13:03:16-07:00,5,16
projects\projects.js,93,js,0d9d706f,Kangxin Peng,2026-05-01,13:03:16,-07:00,2026-05-01T13:03:16-07:00,5,75
projects\projects.js,94,js,0d9d706f,Kangxin Peng,2026-05-01,13:03:16,-07:00,2026-05-01T13:03:16-07:00,0,0
projects\projects.js,95,js,0d9d706f,Kangxin Peng,2026-05-01,13:03:16,-07:00,2026-05-01T13:03:16-07:00,4,4
projects\projects.js,96,js,0d9d706f,Kangxin Peng,2026-05-01,13:03:16,-07:00,2026-05-01T13:03:16-07:00,5,14
projects\projects.js,97,js,0d9d706f,Kangxin Peng,2026-05-01,13:03:16,-07:00,2026-05-01T13:03:16-07:00,5,75
projects\projects.js,98,js,851965de,Kangxin Peng,2026-05-01,11:08:27,-07:00,2026-05-01T11:08:27-07:00,3,1
projects\projects.js,99,js,cfdd4f7f,Kangxin Peng,2026-05-01,01:08:00,-07:00,2026-05-01T01:08:00-07:00,1,1
projects\projects.js,100,js,cfdd4f7f,Kangxin Peng,2026-05-01,01:08:00,-07:00,2026-05-01T01:08:00-07:00,0,0
projects\projects.js,101,js,dcb6c39d,Kangxin Peng,2026-04-30,17:17:05,-07:00,2026-04-30T17:17:05-07:00,0,0
projects\projects.js,102,js,a0385cf5,Kangxin Peng,2026-05-01,01:04:06,-07:00,2026-05-01T01:04:06-07:00,0,48
projects\projects.js,103,js,5df9e549,Kangxin Peng,2026-05-01,00:32:24,-07:00,2026-05-01T00:32:24-07:00,1,25
projects\projects.js,104,js,0d9d706f,Kangxin Peng,2026-05-01,13:03:16,-07:00,2026-05-01T13:03:16-07:00,1,18
projects\projects.js,105,js,0d9d706f,Kangxin Peng,2026-05-01,13:03:16,-07:00,2026-05-01T13:03:16-07:00,1,15
projects\projects.js,106,js,8046ef19,Kangxin Peng,2026-05-01,11:51:25,-07:00,2026-05-01T11:51:25-07:00,0,1
projects\projects.js,107,js,8046ef19,Kangxin Peng,2026-05-01,11:51:25,-07:00,2026-05-01T11:51:25-07:00,0,0
projects\projects.js,108,js,8046ef19,Kangxin Peng,2026-05-01,11:51:25,-07:00,2026-05-01T11:51:25-07:00,0,11
projects\index.html,1,html,cfc16b91,Kangxin Peng,2026-04-03,17:01:46,-07:00,2026-04-03T17:01:46-07:00,0,13
projects\index.html,2,html,cfc16b91,Kangxin Peng,2026-04-03,17:01:46,-07:00,2026-04-03T17:01:46-07:00,0,14
projects\index.html,3,html,cfc16b91,Kangxin Peng,2026-04-03,17:01:46,-07:00,2026-04-03T17:01:46-07:00,0,4
projects\index.html,4,html,cfc16b91,Kangxin Peng,2026-04-03,17:01:46,-07:00,2026-04-03T17:01:46-07:00,2,20
projects\index.html,5,html,cfc16b91,Kangxin Peng,2026-04-03,17:01:46,-07:00,2026-04-03T17:01:46-07:00,2,68
projects\index.html,6,html,5189b53f,Kangxin Peng,2026-04-23,15:55:50,-07:00,2026-04-23T15:55:50-07:00,2,21
projects\index.html,7,html,439ccc56,Kangxin Peng,2026-04-03,21:15:17,-07:00,2026-04-03T21:15:17-07:00,2,41
projects\index.html,8,html,cfc16b91,Kangxin Peng,2026-04-03,17:01:46,-07:00,2026-04-03T17:01:46-07:00,0,5
projects\index.html,9,html,cfc16b91,Kangxin Peng,2026-04-03,17:01:46,-07:00,2026-04-03T17:01:46-07:00,0,4
projects\index.html,10,html,acc3f547,Kangxin Peng,2026-04-16,19:40:29,-07:00,2026-04-16T19:40:29-07:00,0,0
projects\index.html,11,html,b2279b5f,Kangxin Peng,2026-04-23,16:26:26,-07:00,2026-04-23T16:26:26-07:00,2,38
projects\index.html,12,html,a31815f7,Kangxin Peng,2026-04-30,21:04:59,-07:00,2026-04-30T21:04:59-07:00,2,21
projects\index.html,13,html,a31815f7,Kangxin Peng,2026-04-30,21:04:59,-07:00,2026-04-30T21:04:59-07:00,4,54
projects\index.html,14,html,8ce9ab7a,Kangxin Peng,2026-04-30,20:25:17,-07:00,2026-04-30T20:25:17-07:00,4,22
projects\index.html,15,html,a31815f7,Kangxin Peng,2026-04-30,21:04:59,-07:00,2026-04-30T21:04:59-07:00,2,4
projects\index.html,16,html,d83babf6,Kangxin Peng,2026-04-30,23:19:05,-07:00,2026-04-30T23:19:05-07:00,0,0
projects\index.html,17,html,d83babf6,Kangxin Peng,2026-04-30,23:19:05,-07:00,2026-04-30T23:19:05-07:00,2,4
projects\index.html,18,html,d83babf6,Kangxin Peng,2026-04-30,23:19:05,-07:00,2026-04-30T23:19:05-07:00,4,15
projects\index.html,19,html,d83babf6,Kangxin Peng,2026-04-30,23:19:05,-07:00,2026-04-30T23:19:05-07:00,4,11
projects\index.html,20,html,d83babf6,Kangxin Peng,2026-04-30,23:19:05,-07:00,2026-04-30T23:19:05-07:00,4,31
projects\index.html,21,html,d83babf6,Kangxin Peng,2026-04-30,23:19:05,-07:00,2026-04-30T23:19:05-07:00,2,0
projects\index.html,22,html,d83babf6,Kangxin Peng,2026-04-30,23:19:05,-07:00,2026-04-30T23:19:05-07:00,0,0
projects\index.html,23,html,5189b53f,Kangxin Peng,2026-04-23,15:55:50,-07:00,2026-04-23T15:55:50-07:00,2,26
projects\index.html,24,html,5189b53f,Kangxin Peng,2026-04-23,15:55:50,-07:00,2026-04-23T15:55:50-07:00,2,48
projects\index.html,25,html,5189b53f,Kangxin Peng,2026-04-23,15:55:50,-07:00,2026-04-23T15:55:50-07:00,2,49
projects\index.html,26,html,5189b53f,Kangxin Peng,2026-04-23,15:55:50,-07:00,2026-04-23T15:55:50-07:00,0,0
projects\index.html,27,html,cfc16b91,Kangxin Peng,2026-04-03,17:01:46,-07:00,2026-04-03T17:01:46-07:00,0,5
projects\index.html,28,html,cfc16b91,Kangxin Peng,2026-04-03,17:01:46,-07:00,2026-04-03T17:01:46-07:00,0,5
project2\project2_report.html,1,html,c175e194,Kangxin Peng,2026-04-27,19:25:19,-07:00,2026-04-27T19:25:19-07:00,0,13
project2\project2_report.html,2,html,c175e194,Kangxin Peng,2026-04-27,19:25:19,-07:00,2026-04-27T19:25:19-07:00,0,14
project2\project2_report.html,3,html,c175e194,Kangxin Peng,2026-04-27,19:25:19,-07:00,2026-04-27T19:25:19-07:00,2,4
project2\project2_report.html,4,html,c175e194,Kangxin Peng,2026-04-27,19:25:19,-07:00,2026-04-27T19:25:19-07:00,4,29
project2\project2_report.html,5,html,c175e194,Kangxin Peng,2026-04-27,19:25:19,-07:00,2026-04-27T19:25:19-07:00,4,5
project2\project2_report.html,6,html,c175e194,Kangxin Peng,2026-04-27,19:25:19,-07:00,2026-04-27T19:25:19-07:00,6,5
project2\project2_report.html,7,html,c175e194,Kangxin Peng,2026-04-27,19:25:19,-07:00,2026-04-27T19:25:19-07:00,8,35
project2\project2_report.html,8,html,c175e194,Kangxin Peng,2026-04-27,19:25:19,-07:00,2026-04-27T19:25:19-07:00,8,35
project2\project2_report.html,9,html,c175e194,Kangxin Peng,2026-04-27,19:25:19,-07:00,2026-04-27T19:25:19-07:00,8,35
project2\project2_report.html,10,html,c175e194,Kangxin Peng,2026-04-27,19:25:19,-07:00,2026-04-27T19:25:19-07:00,8,35
project2\project2_report.html,11,html,c175e194,Kangxin Peng,2026-04-27,19:25:19,-07:00,2026-04-27T19:25:19-07:00,8,35
project2\project2_report.html,12,html,c175e194,Kangxin Peng,2026-04-27,19:25:19,-07:00,2026-04-27T19:25:19-07:00,8,35
project2\project2_report.html,13,html,c175e194,Kangxin Peng,2026-04-27,19:25:19,-07:00,2026-04-27T19:25:19-07:00,8,35
project2\project2_report.html,14,html,c175e194,Kangxin Peng,2026-04-27,19:25:19,-07:00,2026-04-27T19:25:19-07:00,8,35
project2\project2_report.html,15,html,c175e194,Kangxin Peng,2026-04-27,19:25:19,-07:00,2026-04-27T19:25:19-07:00,8,35
project2\project2_report.html,16,html,c175e194,Kangxin Peng,2026-04-27,19:25:19,-07:00,2026-04-27T19:25:19-07:00,8,35
project2\project2_report.html,17,html,c175e194,Kangxin Peng,2026-04-27,19:25:19,-07:00,2026-04-27T19:25:19-07:00,6,0
project2\project2_report.html,18,html,c175e194,Kangxin Peng,2026-04-27,19:25:19,-07:00,2026-04-27T19:25:19-07:00,0,0
project2\project2_report.html,19,html,c175e194,Kangxin Peng,2026-04-27,19:25:19,-07:00,2026-04-27T19:25:19-07:00,6,4
project2\project2_report.html,20,html,c175e194,Kangxin Peng,2026-04-27,19:25:19,-07:00,2026-04-27T19:25:19-07:00,8,23
project2\project2_report.html,21,html,c175e194,Kangxin Peng,2026-04-27,19:25:19,-07:00,2026-04-27T19:25:19-07:00,8,20
project2\project2_report.html,22,html,c175e194,Kangxin Peng,2026-04-27,19:25:19,-07:00,2026-04-27T19:25:19-07:00,8,34
project2\project2_report.html,23,html,c175e194,Kangxin Peng,2026-04-27,19:25:19,-07:00,2026-04-27T19:25:19-07:00,8,25
project2\project2_report.html,24,html,c175e194,Kangxin Peng,2026-04-27,19:25:19,-07:00,2026-04-27T19:25:19-07:00,8,13
project2\project2_report.html,25,html,c175e194,Kangxin Peng,2026-04-27,19:25:19,-07:00,2026-04-27T19:25:19-07:00,6,0
project2\project2_report.html,26,html,c175e194,Kangxin Peng,2026-04-27,19:25:19,-07:00,2026-04-27T19:25:19-07:00,0,0
project2\project2_report.html,27,html,b29ebc39,Kangxin Peng,2026-04-27,19:29:55,-07:00,2026-04-27T19:29:55-07:00,6,10
project2\project2_report.html,28,html,b29ebc39,Kangxin Peng,2026-04-27,19:29:55,-07:00,2026-04-27T19:29:55-07:00,6,6
project2\project2_report.html,29,html,b29ebc39,Kangxin Peng,2026-04-27,19:29:55,-07:00,2026-04-27T19:29:55-07:00,8,17
project2\project2_report.html,30,html,b29ebc39,Kangxin Peng,2026-04-27,19:29:55,-07:00,2026-04-27T19:29:55-07:00,6,0
project2\project2_report.html,31,html,b29ebc39,Kangxin Peng,2026-04-27,19:29:55,-07:00,2026-04-27T19:29:55-07:00,0,0
project2\project2_report.html,32,html,b29ebc39,Kangxin Peng,2026-04-27,19:29:55,-07:00,2026-04-27T19:29:55-07:00,6,3
project2\project2_report.html,33,html,b29ebc39,Kangxin Peng,2026-04-27,19:29:55,-07:00,2026-04-27T19:29:55-07:00,8,10
project2\project2_report.html,34,html,9e9e8fca,Kangxin Peng,2026-04-27,19:44:45,-07:00,2026-04-27T19:44:45-07:00,8,16
project2\project2_report.html,35,html,b29ebc39,Kangxin Peng,2026-04-27,19:29:55,-07:00,2026-04-27T19:29:55-07:00,8,17
project2\project2_report.html,36,html,b29ebc39,Kangxin Peng,2026-04-27,19:29:55,-07:00,2026-04-27T19:29:55-07:00,6,0
project2\project2_report.html,37,html,b29ebc39,Kangxin Peng,2026-04-27,19:29:55,-07:00,2026-04-27T19:29:55-07:00,0,0
project2\project2_report.html,38,html,c175e194,Kangxin Peng,2026-04-27,19:25:19,-07:00,2026-04-27T19:25:19-07:00,6,12
project2\project2_report.html,39,html,c175e194,Kangxin Peng,2026-04-27,19:25:19,-07:00,2026-04-27T19:25:19-07:00,0,0
project2\project2_report.html,40,html,c175e194,Kangxin Peng,2026-04-27,19:25:19,-07:00,2026-04-27T19:25:19-07:00,6,1
project2\project2_report.html,41,html,c175e194,Kangxin Peng,2026-04-27,19:25:19,-07:00,2026-04-27T19:25:19-07:00,6,1
project2\project2_report.html,42,html,c175e194,Kangxin Peng,2026-04-27,19:25:19,-07:00,2026-04-27T19:25:19-07:00,6,1
project2\project2_report.html,43,html,c175e194,Kangxin Peng,2026-04-27,19:25:19,-07:00,2026-04-27T19:25:19-07:00,6,1
project2\project2_report.html,44,html,c175e194,Kangxin Peng,2026-04-27,19:25:19,-07:00,2026-04-27T19:25:19-07:00,6,1
project2\project2_report.html,45,html,c175e194,Kangxin Peng,2026-04-27,19:25:19,-07:00,2026-04-27T19:25:19-07:00,6,2
project2\project2_report.html,46,html,c175e194,Kangxin Peng,2026-04-27,19:25:19,-07:00,2026-04-27T19:25:19-07:00,8,15
project2\project2_report.html,47,html,c175e194,Kangxin Peng,2026-04-27,19:25:19,-07:00,2026-04-27T19:25:19-07:00,8,15
project2\project2_report.html,48,html,c175e194,Kangxin Peng,2026-04-27,19:25:19,-07:00,2026-04-27T19:25:19-07:00,8,17
project2\project2_report.html,49,html,c175e194,Kangxin Peng,2026-04-27,19:25:19,-07:00,2026-04-27T19:25:19-07:00,6,0
project2\project2_report.html,50,html,c175e194,Kangxin Peng,2026-04-27,19:25:19,-07:00,2026-04-27T19:25:19-07:00,0,0
project2\project2_report.html,51,html,c175e194,Kangxin Peng,2026-04-27,19:25:19,-07:00,2026-04-27T19:25:19-07:00,6,1
project2\project2_report.html,52,html,c175e194,Kangxin Peng,2026-04-27,19:25:19,-07:00,2026-04-27T19:25:19-07:00,6,2
project2\project2_report.html,53,html,c175e194,Kangxin Peng,2026-04-27,19:25:19,-07:00,2026-04-27T19:25:19-07:00,8,47
project2\project2_report.html,54,html,c175e194,Kangxin Peng,2026-04-27,19:25:19,-07:00,2026-04-27T19:25:19-07:00,8,20
project2\project2_report.html,55,html,c175e194,Kangxin Peng,2026-04-27,19:25:19,-07:00,2026-04-27T19:25:19-07:00,6,0
project2\project2_report.html,56,html,c175e194,Kangxin Peng,2026-04-27,19:25:19,-07:00,2026-04-27T19:25:19-07:00,0,0
project2\project2_report.html,57,html,c175e194,Kangxin Peng,2026-04-27,19:25:19,-07:00,2026-04-27T19:25:19-07:00,6,2
project2\project2_report.html,58,html,c175e194,Kangxin Peng,2026-04-27,19:25:19,-07:00,2026-04-27T19:25:19-07:00,8,23
project2\project2_report.html,59,html,c175e194,Kangxin Peng,2026-04-27,19:25:19,-07:00,2026-04-27T19:25:19-07:00,8,48
project2\project2_report.html,60,html,c175e194,Kangxin Peng,2026-04-27,19:25:19,-07:00,2026-04-27T19:25:19-07:00,8,15
project2\project2_report.html,61,html,c175e194,Kangxin Peng,2026-04-27,19:25:19,-07:00,2026-04-27T19:25:19-07:00,0,0
project2\project2_report.html,62,html,c175e194,Kangxin Peng,2026-04-27,19:25:19,-07:00,2026-04-27T19:25:19-07:00,8,5
project2\project2_report.html,63,html,c175e194,Kangxin Peng,2026-04-27,19:25:19,-07:00,2026-04-27T19:25:19-07:00,10,13
project2\project2_report.html,64,html,c175e194,Kangxin Peng,2026-04-27,19:25:19,-07:00,2026-04-27T19:25:19-07:00,10,17
project2\project2_report.html,65,html,c175e194,Kangxin Peng,2026-04-27,19:25:19,-07:00,2026-04-27T19:25:19-07:00,10,19
project2\project2_report.html,66,html,c175e194,Kangxin Peng,2026-04-27,19:25:19,-07:00,2026-04-27T19:25:19-07:00,10,18
project2\project2_report.html,67,html,c175e194,Kangxin Peng,2026-04-27,19:25:19,-07:00,2026-04-27T19:25:19-07:00,10,11
project2\project2_report.html,68,html,c175e194,Kangxin Peng,2026-04-27,19:25:19,-07:00,2026-04-27T19:25:19-07:00,10,34
project2\project2_report.html,69,html,c175e194,Kangxin Peng,2026-04-27,19:25:19,-07:00,2026-04-27T19:25:19-07:00,10,13
project2\project2_report.html,70,html,c175e194,Kangxin Peng,2026-04-27,19:25:19,-07:00,2026-04-27T19:25:19-07:00,10,24
project2\project2_report.html,71,html,c175e194,Kangxin Peng,2026-04-27,19:25:19,-07:00,2026-04-27T19:25:19-07:00,10,18
project2\project2_report.html,72,html,c175e194,Kangxin Peng,2026-04-27,19:25:19,-07:00,2026-04-27T19:25:19-07:00,8,0
project2\project2_report.html,73,html,c175e194,Kangxin Peng,2026-04-27,19:25:19,-07:00,2026-04-27T19:25:19-07:00,6,0
project2\project2_report.html,74,html,c175e194,Kangxin Peng,2026-04-27,19:25:19,-07:00,2026-04-27T19:25:19-07:00,0,0
project2\project2_report.html,75,html,c175e194,Kangxin Peng,2026-04-27,19:25:19,-07:00,2026-04-27T19:25:19-07:00,6,2
project2\project2_report.html,76,html,c175e194,Kangxin Peng,2026-04-27,19:25:19,-07:00,2026-04-27T19:25:19-07:00,8,14
project2\project2_report.html,77,html,c175e194,Kangxin Peng,2026-04-27,19:25:19,-07:00,2026-04-27T19:25:19-07:00,8,29
project2\project2_report.html,78,html,c175e194,Kangxin Peng,2026-04-27,19:25:19,-07:00,2026-04-27T19:25:19-07:00,6,0
project2\project2_report.html,79,html,c175e194,Kangxin Peng,2026-04-27,19:25:19,-07:00,2026-04-27T19:25:19-07:00,0,0
project2\project2_report.html,80,html,c175e194,Kangxin Peng,2026-04-27,19:25:19,-07:00,2026-04-27T19:25:19-07:00,6,2
project2\project2_report.html,81,html,c175e194,Kangxin Peng,2026-04-27,19:25:19,-07:00,2026-04-27T19:25:19-07:00,8,14
project2\project2_report.html,82,html,c175e194,Kangxin Peng,2026-04-27,19:25:19,-07:00,2026-04-27T19:25:19-07:00,6,0
project2\project2_report.html,83,html,c175e194,Kangxin Peng,2026-04-27,19:25:19,-07:00,2026-04-27T19:25:19-07:00,0,0
project2\project2_report.html,84,html,c175e194,Kangxin Peng,2026-04-27,19:25:19,-07:00,2026-04-27T19:25:19-07:00,6,9
project2\project2_report.html,85,html,c175e194,Kangxin Peng,2026-04-27,19:25:19,-07:00,2026-04-27T19:25:19-07:00,0,0
project2\project2_report.html,86,html,c175e194,Kangxin Peng,2026-04-27,19:25:19,-07:00,2026-04-27T19:25:19-07:00,6,1
project2\project2_report.html,87,html,c175e194,Kangxin Peng,2026-04-27,19:25:19,-07:00,2026-04-27T19:25:19-07:00,6,2
project2\project2_report.html,88,html,c175e194,Kangxin Peng,2026-04-27,19:25:19,-07:00,2026-04-27T19:25:19-07:00,8,24
project2\project2_report.html,89,html,c175e194,Kangxin Peng,2026-04-27,19:25:19,-07:00,2026-04-27T19:25:19-07:00,6,0
project2\project2_report.html,90,html,c175e194,Kangxin Peng,2026-04-27,19:25:19,-07:00,2026-04-27T19:25:19-07:00,0,0
project2\project2_report.html,91,html,c175e194,Kangxin Peng,2026-04-27,19:25:19,-07:00,2026-04-27T19:25:19-07:00,6,2
project2\project2_report.html,92,html,c175e194,Kangxin Peng,2026-04-27,19:25:19,-07:00,2026-04-27T19:25:19-07:00,8,9
project2\project2_report.html,93,html,c175e194,Kangxin Peng,2026-04-27,19:25:19,-07:00,2026-04-27T19:25:19-07:00,10,29
project2\project2_report.html,94,html,c175e194,Kangxin Peng,2026-04-27,19:25:19,-07:00,2026-04-27T19:25:19-07:00,8,0
project2\project2_report.html,95,html,c175e194,Kangxin Peng,2026-04-27,19:25:19,-07:00,2026-04-27T19:25:19-07:00,0,0
project2\project2_report.html,96,html,c175e194,Kangxin Peng,2026-04-27,19:25:19,-07:00,2026-04-27T19:25:19-07:00,8,4
project2\project2_report.html,97,html,c175e194,Kangxin Peng,2026-04-27,19:25:19,-07:00,2026-04-27T19:25:19-07:00,10,16
project2\project2_report.html,98,html,c175e194,Kangxin Peng,2026-04-27,19:25:19,-07:00,2026-04-27T19:25:19-07:00,8,0
project2\project2_report.html,99,html,c175e194,Kangxin Peng,2026-04-27,19:25:19,-07:00,2026-04-27T19:25:19-07:00,6,0
project2\project2_report.html,100,html,c175e194,Kangxin Peng,2026-04-27,19:25:19,-07:00,2026-04-27T19:25:19-07:00,0,0
project2\project2_report.html,101,html,c175e194,Kangxin Peng,2026-04-27,19:25:19,-07:00,2026-04-27T19:25:19-07:00,6,23
project2\project2_report.html,102,html,c175e194,Kangxin Peng,2026-04-27,19:25:19,-07:00,2026-04-27T19:25:19-07:00,0,0
project2\project2_report.html,103,html,c175e194,Kangxin Peng,2026-04-27,19:25:19,-07:00,2026-04-27T19:25:19-07:00,6,6
project2\project2_report.html,104,html,c175e194,Kangxin Peng,2026-04-27,19:25:19,-07:00,2026-04-27T19:25:19-07:00,8,17
project2\project2_report.html,105,html,c175e194,Kangxin Peng,2026-04-27,19:25:19,-07:00,2026-04-27T19:25:19-07:00,8,17
project2\project2_report.html,106,html,c175e194,Kangxin Peng,2026-04-27,19:25:19,-07:00,2026-04-27T19:25:19-07:00,6,0
project2\project2_report.html,107,html,c175e194,Kangxin Peng,2026-04-27,19:25:19,-07:00,2026-04-27T19:25:19-07:00,0,0
project2\project2_report.html,108,html,c175e194,Kangxin Peng,2026-04-27,19:25:19,-07:00,2026-04-27T19:25:19-07:00,6,4
project2\project2_report.html,109,html,c175e194,Kangxin Peng,2026-04-27,19:25:19,-07:00,2026-04-27T19:25:19-07:00,8,16
project2\project2_report.html,110,html,c175e194,Kangxin Peng,2026-04-27,19:25:19,-07:00,2026-04-27T19:25:19-07:00,8,29
project2\project2_report.html,111,html,c175e194,Kangxin Peng,2026-04-27,19:25:19,-07:00,2026-04-27T19:25:19-07:00,8,18
project2\project2_report.html,112,html,c175e194,Kangxin Peng,2026-04-27,19:25:19,-07:00,2026-04-27T19:25:19-07:00,8,19
project2\project2_report.html,113,html,c175e194,Kangxin Peng,2026-04-27,19:25:19,-07:00,2026-04-27T19:25:19-07:00,6,0
project2\project2_report.html,114,html,c175e194,Kangxin Peng,2026-04-27,19:25:19,-07:00,2026-04-27T19:25:19-07:00,0,0
project2\project2_report.html,115,html,c175e194,Kangxin Peng,2026-04-27,19:25:19,-07:00,2026-04-27T19:25:19-07:00,6,11
project2\project2_report.html,116,html,c175e194,Kangxin Peng,2026-04-27,19:25:19,-07:00,2026-04-27T19:25:19-07:00,0,0
project2\project2_report.html,117,html,c175e194,Kangxin Peng,2026-04-27,19:25:19,-07:00,2026-04-27T19:25:19-07:00,6,6
project2\project2_report.html,118,html,c175e194,Kangxin Peng,2026-04-27,19:25:19,-07:00,2026-04-27T19:25:19-07:00,8,12
project2\project2_report.html,119,html,c175e194,Kangxin Peng,2026-04-27,19:25:19,-07:00,2026-04-27T19:25:19-07:00,8,14
project2\project2_report.html,120,html,c175e194,Kangxin Peng,2026-04-27,19:25:19,-07:00,2026-04-27T19:25:19-07:00,8,20
project2\project2_report.html,121,html,c175e194,Kangxin Peng,2026-04-27,19:25:19,-07:00,2026-04-27T19:25:19-07:00,8,40
project2\project2_report.html,122,html,c175e194,Kangxin Peng,2026-04-27,19:25:19,-07:00,2026-04-27T19:25:19-07:00,8,48
project2\project2_report.html,123,html,c175e194,Kangxin Peng,2026-04-27,19:25:19,-07:00,2026-04-27T19:25:19-07:00,8,17
project2\project2_report.html,124,html,c175e194,Kangxin Peng,2026-04-27,19:25:19,-07:00,2026-04-27T19:25:19-07:00,8,16
project2\project2_report.html,125,html,c175e194,Kangxin Peng,2026-04-27,19:25:19,-07:00,2026-04-27T19:25:19-07:00,0,0
project2\project2_report.html,126,html,c175e194,Kangxin Peng,2026-04-27,19:25:19,-07:00,2026-04-27T19:25:19-07:00,8,12
project2\project2_report.html,127,html,c175e194,Kangxin Peng,2026-04-27,19:25:19,-07:00,2026-04-27T19:25:19-07:00,10,29
project2\project2_report.html,128,html,c175e194,Kangxin Peng,2026-04-27,19:25:19,-07:00,2026-04-27T19:25:19-07:00,10,34
project2\project2_report.html,129,html,c175e194,Kangxin Peng,2026-04-27,19:25:19,-07:00,2026-04-27T19:25:19-07:00,10,14
project2\project2_report.html,130,html,c175e194,Kangxin Peng,2026-04-27,19:25:19,-07:00,2026-04-27T19:25:19-07:00,10,14
project2\project2_report.html,131,html,c175e194,Kangxin Peng,2026-04-27,19:25:19,-07:00,2026-04-27T19:25:19-07:00,10,17
project2\project2_report.html,132,html,c175e194,Kangxin Peng,2026-04-27,19:25:19,-07:00,2026-04-27T19:25:19-07:00,10,24
project2\project2_report.html,133,html,c175e194,Kangxin Peng,2026-04-27,19:25:19,-07:00,2026-04-27T19:25:19-07:00,10,15
project2\project2_report.html,134,html,c175e194,Kangxin Peng,2026-04-27,19:25:19,-07:00,2026-04-27T19:25:19-07:00,0,0
project2\project2_report.html,135,html,c175e194,Kangxin Peng,2026-04-27,19:25:19,-07:00,2026-04-27T19:25:19-07:00,10,9
project2\project2_report.html,136,html,c175e194,Kangxin Peng,2026-04-27,19:25:19,-07:00,2026-04-27T19:25:19-07:00,12,38
project2\project2_report.html,137,html,c175e194,Kangxin Peng,2026-04-27,19:25:19,-07:00,2026-04-27T19:25:19-07:00,12,16
project2\project2_report.html,138,html,c175e194,Kangxin Peng,2026-04-27,19:25:19,-07:00,2026-04-27T19:25:19-07:00,12,29
project2\project2_report.html,139,html,c175e194,Kangxin Peng,2026-04-27,19:25:19,-07:00,2026-04-27T19:25:19-07:00,10,0
project2\project2_report.html,140,html,c175e194,Kangxin Peng,2026-04-27,19:25:19,-07:00,2026-04-27T19:25:19-07:00,0,0
project2\project2_report.html,141,html,c175e194,Kangxin Peng,2026-04-27,19:25:19,-07:00,2026-04-27T19:25:19-07:00,10,30
project2\project2_report.html,142,html,c175e194,Kangxin Peng,2026-04-27,19:25:19,-07:00,2026-04-27T19:25:19-07:00,12,13
project2\project2_report.html,143,html,c175e194,Kangxin Peng,2026-04-27,19:25:19,-07:00,2026-04-27T19:25:19-07:00,12,25
project2\project2_report.html,144,html,c175e194,Kangxin Peng,2026-04-27,19:25:19,-07:00,2026-04-27T19:25:19-07:00,12,31
project2\project2_report.html,145,html,c175e194,Kangxin Peng,2026-04-27,19:25:19,-07:00,2026-04-27T19:25:19-07:00,14,5
project2\project2_report.html,146,html,c175e194,Kangxin Peng,2026-04-27,19:25:19,-07:00,2026-04-27T19:25:19-07:00,14,11
project2\project2_report.html,147,html,c175e194,Kangxin Peng,2026-04-27,19:25:19,-07:00,2026-04-27T19:25:19-07:00,14,13
project2\project2_report.html,148,html,c175e194,Kangxin Peng,2026-04-27,19:25:19,-07:00,2026-04-27T19:25:19-07:00,12,0
project2\project2_report.html,149,html,c175e194,Kangxin Peng,2026-04-27,19:25:19,-07:00,2026-04-27T19:25:19-07:00,10,0
project2\project2_report.html,150,html,c175e194,Kangxin Peng,2026-04-27,19:25:19,-07:00,2026-04-27T19:25:19-07:00,8,0
project2\project2_report.html,151,html,c175e194,Kangxin Peng,2026-04-27,19:25:19,-07:00,2026-04-27T19:25:19-07:00,6,0
project2\project2_report.html,152,html,c175e194,Kangxin Peng,2026-04-27,19:25:19,-07:00,2026-04-27T19:25:19-07:00,4,6
project2\project2_report.html,153,html,c175e194,Kangxin Peng,2026-04-27,19:25:19,-07:00,2026-04-27T19:25:19-07:00,2,5
project2\project2_report.html,154,html,c175e194,Kangxin Peng,2026-04-27,19:25:19,-07:00,2026-04-27T19:25:19-07:00,0,0
project2\project2_report.html,155,html,c175e194,Kangxin Peng,2026-04-27,19:25:19,-07:00,2026-04-27T19:25:19-07:00,2,4
project2\project2_report.html,156,html,c175e194,Kangxin Peng,2026-04-27,19:25:19,-07:00,2026-04-27T19:25:19-07:00,4,6
project2\project2_report.html,157,html,c175e194,Kangxin Peng,2026-04-27,19:25:19,-07:00,2026-04-27T19:25:19-07:00,6,2
project2\project2_report.html,158,html,c175e194,Kangxin Peng,2026-04-27,19:25:19,-07:00,2026-04-27T19:25:19-07:00,8,22
project2\project2_report.html,159,html,c175e194,Kangxin Peng,2026-04-27,19:25:19,-07:00,2026-04-27T19:25:19-07:00,8,36
project2\project2_report.html,160,html,c175e194,Kangxin Peng,2026-04-27,19:25:19,-07:00,2026-04-27T19:25:19-07:00,6,3
project2\project2_report.html,161,html,c175e194,Kangxin Peng,2026-04-27,19:25:19,-07:00,2026-04-27T19:25:19-07:00,0,0
project2\project2_report.html,162,html,4c488246,Kangxin Peng,2026-04-27,19:35:40,-07:00,2026-04-27T19:35:40-07:00,6,1
project2\project2_report.html,163,html,4c488246,Kangxin Peng,2026-04-27,19:35:40,-07:00,2026-04-27T19:35:40-07:00,8,58
project2\project2_report.html,164,html,4c488246,Kangxin Peng,2026-04-27,19:35:40,-07:00,2026-04-27T19:35:40-07:00,8,54
project2\project2_report.html,165,html,4c488246,Kangxin Peng,2026-04-27,19:35:40,-07:00,2026-04-27T19:35:40-07:00,8,72
project2\project2_report.html,166,html,4c488246,Kangxin Peng,2026-04-27,19:35:40,-07:00,2026-04-27T19:35:40-07:00,6,2
project2\project2_report.html,167,html,c175e194,Kangxin Peng,2026-04-27,19:25:19,-07:00,2026-04-27T19:25:19-07:00,4,7
project2\project2_report.html,168,html,c175e194,Kangxin Peng,2026-04-27,19:25:19,-07:00,2026-04-27T19:25:19-07:00,0,0
project2\project2_report.html,169,html,c175e194,Kangxin Peng,2026-04-27,19:25:19,-07:00,2026-04-27T19:25:19-07:00,4,4
project2\project2_report.html,170,html,c175e194,Kangxin Peng,2026-04-27,19:25:19,-07:00,2026-04-27T19:25:19-07:00,6,73
project2\project2_report.html,171,html,c175e194,Kangxin Peng,2026-04-27,19:25:19,-07:00,2026-04-27T19:25:19-07:00,0,0
project2\project2_report.html,172,html,c175e194,Kangxin Peng,2026-04-27,19:25:19,-07:00,2026-04-27T19:25:19-07:00,6,7
project2\project2_report.html,173,html,c175e194,Kangxin Peng,2026-04-27,19:25:19,-07:00,2026-04-27T19:25:19-07:00,8,26
project2\project2_report.html,174,html,c175e194,Kangxin Peng,2026-04-27,19:25:19,-07:00,2026-04-27T19:25:19-07:00,0,0
project2\project2_report.html,175,html,c175e194,Kangxin Peng,2026-04-27,19:25:19,-07:00,2026-04-27T19:25:19-07:00,8,6
project2\project2_report.html,176,html,8a8f9417,Kangxin Peng,2026-04-27,19:53:12,-07:00,2026-04-27T19:53:12-07:00,10,29
project2\project2_report.html,177,html,a27cbe71,Kangxin Peng,2026-04-27,19:56:48,-07:00,2026-04-27T19:56:48-07:00,10,171
project2\project2_report.html,178,html,c175e194,Kangxin Peng,2026-04-27,19:25:19,-07:00,2026-04-27T19:25:19-07:00,8,7
project2\project2_report.html,179,html,c175e194,Kangxin Peng,2026-04-27,19:25:19,-07:00,2026-04-27T19:25:19-07:00,0,0
project2\project2_report.html,180,html,c175e194,Kangxin Peng,2026-04-27,19:25:19,-07:00,2026-04-27T19:25:19-07:00,8,36
project2\project2_report.html,181,html,c175e194,Kangxin Peng,2026-04-27,19:25:19,-07:00,2026-04-27T19:25:19-07:00,0,0
project2\project2_report.html,182,html,c175e194,Kangxin Peng,2026-04-27,19:25:19,-07:00,2026-04-27T19:25:19-07:00,8,2
project2\project2_report.html,183,html,20974679,Kangxin Peng,2026-04-27,19:51:15,-07:00,2026-04-27T19:51:15-07:00,10,182
project2\project2_report.html,184,html,20974679,Kangxin Peng,2026-04-27,19:51:15,-07:00,2026-04-27T19:51:15-07:00,10,173
project2\project2_report.html,185,html,20974679,Kangxin Peng,2026-04-27,19:51:15,-07:00,2026-04-27T19:51:15-07:00,10,163
project2\project2_report.html,186,html,c175e194,Kangxin Peng,2026-04-27,19:25:19,-07:00,2026-04-27T19:25:19-07:00,8,3
project2\project2_report.html,187,html,c175e194,Kangxin Peng,2026-04-27,19:25:19,-07:00,2026-04-27T19:25:19-07:00,6,8
project2\project2_report.html,188,html,c175e194,Kangxin Peng,2026-04-27,19:25:19,-07:00,2026-04-27T19:25:19-07:00,0,0
project2\project2_report.html,189,html,c175e194,Kangxin Peng,2026-04-27,19:25:19,-07:00,2026-04-27T19:25:19-07:00,6,7
project2\project2_report.html,190,html,c175e194,Kangxin Peng,2026-04-27,19:25:19,-07:00,2026-04-27T19:25:19-07:00,8,30
project2\project2_report.html,191,html,c175e194,Kangxin Peng,2026-04-27,19:25:19,-07:00,2026-04-27T19:25:19-07:00,0,0
project2\project2_report.html,192,html,c175e194,Kangxin Peng,2026-04-27,19:25:19,-07:00,2026-04-27T19:25:19-07:00,8,6
project2\project2_report.html,193,html,27416595,Kangxin Peng,2026-04-28,22:57:52,-07:00,2026-04-28T22:57:52-07:00,10,29
project2\project2_report.html,194,html,a27cbe71,Kangxin Peng,2026-04-27,19:56:48,-07:00,2026-04-27T19:56:48-07:00,10,184
project2\project2_report.html,195,html,c175e194,Kangxin Peng,2026-04-27,19:25:19,-07:00,2026-04-27T19:25:19-07:00,8,7
project2\project2_report.html,196,html,c175e194,Kangxin Peng,2026-04-27,19:25:19,-07:00,2026-04-27T19:25:19-07:00,0,0
project2\project2_report.html,197,html,c175e194,Kangxin Peng,2026-04-27,19:25:19,-07:00,2026-04-27T19:25:19-07:00,8,36
project2\project2_report.html,198,html,c175e194,Kangxin Peng,2026-04-27,19:25:19,-07:00,2026-04-27T19:25:19-07:00,0,0
project2\project2_report.html,199,html,c175e194,Kangxin Peng,2026-04-27,19:25:19,-07:00,2026-04-27T19:25:19-07:00,8,2
project2\project2_report.html,200,html,18ffe72b,Kangxin Peng,2026-04-28,22:36:26,-07:00,2026-04-28T22:36:26-07:00,10,135
project2\project2_report.html,201,html,18ffe72b,Kangxin Peng,2026-04-28,22:36:26,-07:00,2026-04-28T22:36:26-07:00,10,158
project2\project2_report.html,202,html,18ffe72b,Kangxin Peng,2026-04-28,22:36:26,-07:00,2026-04-28T22:36:26-07:00,10,127
project2\project2_report.html,203,html,18ffe72b,Kangxin Peng,2026-04-28,22:36:26,-07:00,2026-04-28T22:36:26-07:00,10,128
project2\project2_report.html,204,html,c175e194,Kangxin Peng,2026-04-27,19:25:19,-07:00,2026-04-27T19:25:19-07:00,8,3
project2\project2_report.html,205,html,c175e194,Kangxin Peng,2026-04-27,19:25:19,-07:00,2026-04-27T19:25:19-07:00,6,8
project2\project2_report.html,206,html,c175e194,Kangxin Peng,2026-04-27,19:25:19,-07:00,2026-04-27T19:25:19-07:00,0,0
project2\project2_report.html,207,html,c175e194,Kangxin Peng,2026-04-27,19:25:19,-07:00,2026-04-27T19:25:19-07:00,6,7
project2\project2_report.html,208,html,c175e194,Kangxin Peng,2026-04-27,19:25:19,-07:00,2026-04-27T19:25:19-07:00,8,23
project2\project2_report.html,209,html,c175e194,Kangxin Peng,2026-04-27,19:25:19,-07:00,2026-04-27T19:25:19-07:00,0,0
project2\project2_report.html,210,html,f665c940,Kangxin Peng,2026-04-28,22:50:20,-07:00,2026-04-28T22:50:20-07:00,8,931
project2\project2_report.html,211,html,f665c940,Kangxin Peng,2026-04-28,22:50:20,-07:00,2026-04-28T22:50:20-07:00,8,1391
project2\project2_report.html,212,html,e8639575,Kangxin Peng,2026-04-28,23:51:06,-07:00,2026-04-28T23:51:06-07:00,8,2001
project2\project2_report.html,213,html,f665c940,Kangxin Peng,2026-04-28,22:50:20,-07:00,2026-04-28T22:50:20-07:00,8,744
project2\project2_report.html,214,html,f665c940,Kangxin Peng,2026-04-28,22:50:20,-07:00,2026-04-28T22:50:20-07:00,8,1105
project2\project2_report.html,215,html,c175e194,Kangxin Peng,2026-04-27,19:25:19,-07:00,2026-04-27T19:25:19-07:00,6,8
project2\project2_report.html,216,html,c175e194,Kangxin Peng,2026-04-27,19:25:19,-07:00,2026-04-27T19:25:19-07:00,4,5
project2\project2_report.html,217,html,c175e194,Kangxin Peng,2026-04-27,19:25:19,-07:00,2026-04-27T19:25:19-07:00,2,501
project2\project2_report.html,218,html,c175e194,Kangxin Peng,2026-04-27,19:25:19,-07:00,2026-04-27T19:25:19-07:00,0,5
project2\project2_report.html,219,html,c175e194,Kangxin Peng,2026-04-27,19:25:19,-07:00,2026-04-27T19:25:19-07:00,0,5
meta\index.html,1,html,6c32e82f,Kangxin Peng,2026-05-09,11:22:58,-07:00,2026-05-09T11:22:58-07:00,0,13
meta\index.html,2,html,6c32e82f,Kangxin Peng,2026-05-09,11:22:58,-07:00,2026-05-09T11:22:58-07:00,0,14
meta\index.html,3,html,6c32e82f,Kangxin Peng,2026-05-09,11:22:58,-07:00,2026-05-09T11:22:58-07:00,0,4
meta\index.html,4,html,6c32e82f,Kangxin Peng,2026-05-09,11:22:58,-07:00,2026-05-09T11:22:58-07:00,1,20
meta\index.html,5,html,6c32e82f,Kangxin Peng,2026-05-09,11:22:58,-07:00,2026-05-09T11:22:58-07:00,1,68
meta\index.html,6,html,6c32e82f,Kangxin Peng,2026-05-09,11:22:58,-07:00,2026-05-09T11:22:58-07:00,1,17
meta\index.html,7,html,6c32e82f,Kangxin Peng,2026-05-09,11:22:58,-07:00,2026-05-09T11:22:58-07:00,1,41
meta\index.html,8,html,6c32e82f,Kangxin Peng,2026-05-09,11:22:58,-07:00,2026-05-09T11:22:58-07:00,0,5
meta\index.html,9,html,6c32e82f,Kangxin Peng,2026-05-09,11:22:58,-07:00,2026-05-09T11:22:58-07:00,0,4
meta\index.html,10,html,6c32e82f,Kangxin Peng,2026-05-09,11:22:58,-07:00,2026-05-09T11:22:58-07:00,0,0
meta\index.html,11,html,6c32e82f,Kangxin Peng,2026-05-09,11:22:58,-07:00,2026-05-09T11:22:58-07:00,1,11
meta\index.html,12,html,6c32e82f,Kangxin Peng,2026-05-09,11:22:58,-07:00,2026-05-09T11:22:58-07:00,1,54
meta\index.html,13,html,6c32e82f,Kangxin Peng,2026-05-09,11:22:58,-07:00,2026-05-09T11:22:58-07:00,0,0
meta\index.html,14,html,6c32e82f,Kangxin Peng,2026-05-09,11:22:58,-07:00,2026-05-09T11:22:58-07:00,1,48
meta\index.html,15,html,6c32e82f,Kangxin Peng,2026-05-09,11:22:58,-07:00,2026-05-09T11:22:58-07:00,0,0
meta\index.html,16,html,6c32e82f,Kangxin Peng,2026-05-09,11:22:58,-07:00,2026-05-09T11:22:58-07:00,0,5
meta\index.html,17,html,6c32e82f,Kangxin Peng,2026-05-09,11:22:58,-07:00,2026-05-09T11:22:58-07:00,0,5
contact\index.html,1,html,cfc16b91,Kangxin Peng,2026-04-03,17:01:46,-07:00,2026-04-03T17:01:46-07:00,0,13
contact\index.html,2,html,cfc16b91,Kangxin Peng,2026-04-03,17:01:46,-07:00,2026-04-03T17:01:46-07:00,0,14
contact\index.html,3,html,cfc16b91,Kangxin Peng,2026-04-03,17:01:46,-07:00,2026-04-03T17:01:46-07:00,0,4
contact\index.html,4,html,cfc16b91,Kangxin Peng,2026-04-03,17:01:46,-07:00,2026-04-03T17:01:46-07:00,2,20
contact\index.html,5,html,cfc16b91,Kangxin Peng,2026-04-03,17:01:46,-07:00,2026-04-03T17:01:46-07:00,2,68
contact\index.html,6,html,cfc16b91,Kangxin Peng,2026-04-03,17:01:46,-07:00,2026-04-03T17:01:46-07:00,2,20
contact\index.html,7,html,cfc16b91,Kangxin Peng,2026-04-03,17:01:46,-07:00,2026-04-03T17:01:46-07:00,2,41
contact\index.html,8,html,cfc16b91,Kangxin Peng,2026-04-03,17:01:46,-07:00,2026-04-03T17:01:46-07:00,0,5
contact\index.html,9,html,cfc16b91,Kangxin Peng,2026-04-03,17:01:46,-07:00,2026-04-03T17:01:46-07:00,0,4
contact\index.html,10,html,cfc16b91,Kangxin Peng,2026-04-03,17:01:46,-07:00,2026-04-03T17:01:46-07:00,2,14
contact\index.html,11,html,a31cffa3,Kangxin Peng,2026-04-16,20:31:55,-07:00,2026-04-16T20:31:55-07:00,2,49
contact\index.html,12,html,cfc16b91,Kangxin Peng,2026-04-03,17:01:46,-07:00,2026-04-03T17:01:46-07:00,0,0
contact\index.html,13,html,cfc16b91,Kangxin Peng,2026-04-03,17:01:46,-07:00,2026-04-03T17:01:46-07:00,2,5
contact\index.html,14,html,a31cffa3,Kangxin Peng,2026-04-16,20:31:55,-07:00,2026-04-16T20:31:55-07:00,3,6
contact\index.html,15,html,a31cffa3,Kangxin Peng,2026-04-16,20:31:55,-07:00,2026-04-16T20:31:55-07:00,3,20
contact\index.html,16,html,cfc16b91,Kangxin Peng,2026-04-03,17:01:46,-07:00,2026-04-03T17:01:46-07:00,2,6
contact\index.html,17,html,cfc16b91,Kangxin Peng,2026-04-03,17:01:46,-07:00,2026-04-03T17:01:46-07:00,0,0
contact\index.html,18,html,cfc16b91,Kangxin Peng,2026-04-03,17:01:46,-07:00,2026-04-03T17:01:46-07:00,2,6
contact\index.html,19,html,cfc16b91,Kangxin Peng,2026-04-03,17:01:46,-07:00,2026-04-03T17:01:46-07:00,0,0
contact\index.html,20,html,cfc16b91,Kangxin Peng,2026-04-03,17:01:46,-07:00,2026-04-03T17:01:46-07:00,2,5
contact\index.html,21,html,a31cffa3,Kangxin Peng,2026-04-16,20:31:55,-07:00,2026-04-16T20:31:55-07:00,3,6
contact\index.html,22,html,a31cffa3,Kangxin Peng,2026-04-16,20:31:55,-07:00,2026-04-16T20:31:55-07:00,3,31
contact\index.html,23,html,cfc16b91,Kangxin Peng,2026-04-03,17:01:46,-07:00,2026-04-03T17:01:46-07:00,2,6
contact\index.html,24,html,cfc16b91,Kangxin Peng,2026-04-03,17:01:46,-07:00,2026-04-03T17:01:46-07:00,0,0
contact\index.html,25,html,cfc16b91,Kangxin Peng,2026-04-03,17:01:46,-07:00,2026-04-03T17:01:46-07:00,2,6
contact\index.html,26,html,cfc16b91,Kangxin Peng,2026-04-03,17:01:46,-07:00,2026-04-03T17:01:46-07:00,0,0
contact\index.html,27,html,cfc16b91,Kangxin Peng,2026-04-03,17:01:46,-07:00,2026-04-03T17:01:46-07:00,2,19
contact\index.html,28,html,cfc16b91,Kangxin Peng,2026-04-03,17:01:46,-07:00,2026-04-03T17:01:46-07:00,0,0
contact\index.html,29,html,a31cffa3,Kangxin Peng,2026-04-16,20:31:55,-07:00,2026-04-16T20:31:55-07:00,1,5
contact\index.html,30,html,a31cffa3,Kangxin Peng,2026-04-16,20:31:55,-07:00,2026-04-16T20:31:55-07:00,1,48
contact\index.html,31,html,cfc16b91,Kangxin Peng,2026-04-03,17:01:46,-07:00,2026-04-03T17:01:46-07:00,0,5
contact\index.html,32,html,cfc16b91,Kangxin Peng,2026-04-03,17:01:46,-07:00,2026-04-03T17:01:46-07:00,0,5
